,PLAYER_ID,PLAYER_NAME,TEAM_ID,TEAM_ABBREVIATION,AGE,PLAYER_HEIGHT,PLAYER_HEIGHT_INCHES,PLAYER_WEIGHT,COLLEGE,COUNTRY,DRAFT_YEAR,DRAFT_ROUND,DRAFT_NUMBER,GP,PTS,REB,AST,NET_RATING,OREB_PCT,DREB_PCT,USG_PCT,TS_PCT,AST_PCT
0,1630639,A.J. Lawson,1610612742,DAL,22.0,6-6,78,179,South Carolina,Canada,Undrafted,Undrafted,Undrafted,13,2.6,0.8,0.1,-10.9,0.028,0.151,0.182,0.622,0.029
1,1631260,AJ Green,1610612749,MIL,23.0,6-5,77,190,Northern Iowa,USA,Undrafted,Undrafted,Undrafted,30,4.6,1.2,0.6,-5.9,0.016,0.094,0.163,0.633,0.099
2,1631100,AJ Griffin,1610612737,ATL,19.0,6-6,78,220,Duke,USA,2022,1,16,59,8.9,2.0,1.0,-0.6,0.022,0.077,0.172,0.579,0.07
3,203932,Aaron Gordon,1610612743,DEN,27.0,6-8,80,235,Arizona,USA,2014,1,4,55,16.9,6.8,2.9,13.7,0.09,0.145,0.208,0.638,0.127
4,1628988,Aaron Holiday,1610612737,ATL,26.0,6-0,72,185,UCLA,USA,2018,1,23,52,4.1,1.3,1.3,-0.5,0.027,0.062,0.128,0.529,0.115
5,1630174,Aaron Nesmith,1610612754,IND,23.0,6-5,77,215,Vanderbilt,USA,2020,1,14,58,9.6,3.8,1.2,-1.3,0.032,0.12,0.166,0.551,0.066
6,1630598,Aaron Wiggins,1610612760,OKC,24.0,6-5,77,190,Maryland,USA,2021,2,55,54,6.9,3.1,1.3,0.8,0.054,0.108,0.143,0.592,0.092
7,1629678,Admiral Schofield,1610612753,ORL,25.0,6-5,77,241,Tennessee,United Kingdom,2019,2,42,31,4.2,1.7,0.8,-5.7,0.048,0.096,0.127,0.624,0.101
8,201143,Al Horford,1610612738,BOS,36.0,6-9,81,240,Florida,Dominican Republic,2007,1,3,52,10.0,6.3,2.8,6.6,0.04,0.16,0.118,0.637,0.12
9,202692,Alec Burks,1610612765,DET,31.0,6-6,78,214,Colorado,USA,2011,1,12,51,12.8,3.1,2.2,-1.0,0.017,0.124,0.218,0.602,0.15
10,1630197,Aleksej Pokusevski,1610612760,OKC,21.0,7-0,84,210,None,Serbia,2020,1,17,31,8.8,5.1,2.0,-12.6,0.06,0.163,0.179,0.53,0.131
11,1627936,Alex Caruso,1610612741,CHI,29.0,6-5,77,186,Texas A&M,USA,Undrafted,Undrafted,Undrafted,56,5.6,3.1,3.1,5.9,0.027,0.106,0.11,0.578,0.164
12,203458,Alex Len,1610612758,SAC,29.0,7-2,86,250,Maryland,Ukraine,2013,1,5,16,0.8,0.9,0.3,-12.0,0.077,0.183,0.14,0.553,0.143
13,1628993,Alize Johnson,1610612759,SAS,26.0,6-8,80,212,Missouri State,USA,2018,2,50,4,1.8,2.5,0.3,19.0,0.063,0.211,0.145,0.509,0.042
14,1631214,Alondes Williams,1610612751,BKN,23.0,6-4,76,210,Wake Forest,USA,Undrafted,Undrafted,Undrafted,1,0.0,1.0,0.0,-53.0,0.0,0.25,0.143,0.0,0.0
15,1630578,Alperen Sengun,1610612745,HOU,20.0,6-11,83,243,None,Turkey,2021,1,16,61,14.8,8.8,3.8,-8.5,0.11,0.201,0.215,0.605,0.203
16,1629599,Amir Coffey,1610612746,LAC,25.0,6-7,79,210,Minnesota,USA,Undrafted,Undrafted,Undrafted,43,3.8,1.2,1.2,-8.3,0.027,0.056,0.128,0.491,0.121
17,203083,Andre Drummond,1610612741,CHI,29.0,6-11,83,279,Connecticut,USA,2012,1,9,53,6.1,6.7,0.6,3.3,0.16,0.347,0.196,0.61,0.064
18,2738,Andre Iguodala,1610612744,GSW,39.0,6-6,78,215,Arizona,USA,2004,1,9,6,1.5,1.7,2.3,8.7,0.012,0.099,0.085,0.45,0.179
19,1629614,Andrew Nembhard,1610612754,IND,23.0,6-3,75,191,Gonzaga,Canada,2022,2,31,60,8.0,2.7,3.9,-4.2,0.017,0.081,0.145,0.514,0.193
20,203952,Andrew Wiggins,1610612744,GSW,28.0,6-7,79,197,Kansas,Canada,2014,1,1,37,17.1,5.0,2.3,5.2,0.05,0.101,0.212,0.564,0.1
21,1629014,Anfernee Simons,1610612757,POR,23.0,6-3,75,181,None,USA,2018,1,24,58,21.3,2.7,4.1,-1.1,0.008,0.068,0.247,0.587,0.186
22,203076,Anthony Davis,1610612747,LAL,29.0,6-10,82,253,Kentucky,USA,2012,1,1,42,26.1,12.4,2.5,2.8,0.095,0.252,0.28,0.631,0.128
23,1630162,Anthony Edwards,1610612750,MIN,21.0,6-4,76,225,Georgia,USA,2020,1,1,68,24.8,5.9,4.4,0.9,0.016,0.14,0.29,0.566,0.189
24,1630264,Anthony Gill,1610612764,WAS,30.0,6-8,80,230,Virginia,USA,Undrafted,Undrafted,Undrafted,44,3.1,1.5,0.5,-0.7,0.058,0.092,0.108,0.65,0.066
25,1630237,Anthony Lamb,1610612744,GSW,25.0,6-6,78,227,Vermont,USA,Undrafted,Undrafted,Undrafted,50,7.0,3.4,1.7,1.3,0.044,0.123,0.136,0.616,0.121
26,1630559,Austin Reaves,1610612747,LAL,24.0,6-5,77,197,Oklahoma,USA,Undrafted,Undrafted,Undrafted,49,11.2,2.9,2.7,1.5,0.019,0.076,0.143,0.662,0.126
27,203085,Austin Rivers,1610612750,MIN,30.0,6-4,76,200,Duke,USA,2012,1,10,50,5.1,1.6,1.5,-5.0,0.005,0.078,0.104,0.569,0.095
28,1630245,Ayo Dosunmu,1610612741,CHI,23.0,6-5,77,200,Illinois,USA,2021,2,38,64,9.1,3.0,2.7,-2.9,0.025,0.084,0.147,0.574,0.136
29,1628389,Bam Adebayo,1610612748,MIA,25.0,6-9,81,255,Kentucky,USA,2017,1,14,63,21.1,9.4,3.3,2.1,0.072,0.212,0.254,0.595,0.157
30,1627732,Ben Simmons,1610612751,BKN,26.0,6-10,82,240,Louisiana State,Australia,2016,1,1,42,6.9,6.3,6.1,2.1,0.04,0.186,0.142,0.559,0.295
31,1631097,Bennedict Mathurin,1610612754,IND,20.0,6-5,77,210,Arizona,Canada,2022,1,6,67,16.6,4.0,1.4,-2.6,0.036,0.104,0.241,0.559,0.077
32,202687,Bismack Biyombo,1610612756,PHX,30.0,6-8,80,255,None,DRC,2011,1,7,47,3.7,4.0,0.9,4.2,0.073,0.192,0.131,0.542,0.092
33,201933,Blake Griffin,1610612738,BOS,33.0,6-9,81,250,Oklahoma,USA,2009,1,1,29,4.6,3.4,1.3,9.4,0.059,0.186,0.13,0.602,0.122
34,1631104,Blake Wesley,1610612759,SAS,19.0,6-4,76,185,Notre Dame,USA,2022,1,25,21,4.9,1.9,1.6,-12.5,0.012,0.116,0.182,0.463,0.143
35,1626246,Boban Marjanovic,1610612745,HOU,34.0,7-4,88,290,None,Serbia,Undrafted,Undrafted,Undrafted,24,3.3,1.7,0.2,20.1,0.111,0.23,0.221,0.72,0.068
36,1626171,Bobby Portis,1610612749,MIL,28.0,6-11,83,250,Arkansas,USA,2015,1,22,55,14.0,9.7,1.7,0.9,0.086,0.26,0.211,0.575,0.1
37,203992,Bogdan Bogdanovic,1610612737,ATL,30.0,6-5,77,225,None,Serbia,2014,1,27,42,14.4,3.3,3.0,0.0,0.013,0.098,0.201,0.578,0.139
38,202711,Bojan Bogdanovic,1610612765,DET,33.0,6-7,79,226,None,Croatia,2011,2,31,59,21.6,3.8,2.6,-8.2,0.018,0.099,0.251,0.627,0.133
39,1629626,Bol Bol,1610612753,ORL,23.0,7-2,86,220,Oregon,Sudan,2019,2,44,62,9.5,6.0,0.9,-4.0,0.048,0.219,0.174,0.624,0.061
40,1630538,Bones Hyland,1610612746,LAC,22.0,6-2,74,169,Virginia Commonwealth,USA,2021,1,26,47,11.6,2.2,2.8,-7.8,0.018,0.104,0.275,0.531,0.235
41,203078,Bradley Beal,1610612764,WAS,29.0,6-4,76,207,Florida,USA,2012,1,3,45,23.4,3.8,5.5,1.1,0.027,0.087,0.288,0.592,0.261
42,1630527,Brandon Boston Jr.,1610612746,LAC,21.0,6-6,78,188,Kentucky,USA,2021,2,51,21,6.8,1.4,0.9,-7.4,0.024,0.094,0.236,0.519,0.124
43,1629634,Brandon Clarke,1610612763,MEM,26.0,6-8,80,215,Gonzaga,Canada,2019,1,21,56,10.0,5.5,1.3,0.7,0.079,0.177,0.174,0.681,0.1
44,1627742,Brandon Ingram,1610612740,NOP,25.0,6-8,80,190,Duke,USA,2016,1,2,31,22.9,5.0,4.8,0.3,0.012,0.143,0.304,0.569,0.237
45,1630296,Braxton Key,1610612765,DET,26.0,6-8,80,225,Virginia,USA,Undrafted,Undrafted,Undrafted,3,1.3,0.3,0.0,-4.5,0.0,0.067,0.091,1.064,0.0
46,201572,Brook Lopez,1610612749,MIL,34.0,7-1,85,282,Stanford,USA,2008,1,10,65,15.2,6.6,1.3,5.4,0.063,0.136,0.184,0.618,0.06
47,1628971,Bruce Brown,1610612743,DEN,26.0,6-4,76,202,Miami,USA,2018,2,42,66,11.1,3.9,3.4,1.2,0.027,0.115,0.169,0.572,0.164
48,1628981,Bruno Fernando,1610612737,ATL,24.0,6-10,82,240,Maryland,Angola,2019,2,34,33,3.9,3.8,0.9,-9.6,0.125,0.189,0.152,0.563,0.127
49,1631121,Bryce McGowens,1610612766,CHA,20.0,6-6,78,175,Nebraska,USA,2022,2,40,32,3.8,1.8,0.8,-8.5,0.024,0.09,0.123,0.484,0.077
50,1627854,Bryn Forbes,1610612750,MIN,29.0,6-2,74,205,Michigan State,USA,Undrafted,Undrafted,Undrafted,25,3.6,0.6,0.7,-8.5,0.015,0.04,0.155,0.497,0.087
51,1631205,Buddy Boeheim,1610612765,DET,23.0,6-6,78,205,Syracuse,USA,Undrafted,Undrafted,Undrafted,2,1.5,0.5,0.0,57.7,0.0,0.125,0.2,0.5,0.0
52,1627741,Buddy Hield,1610612754,IND,30.0,6-4,76,220,Oklahoma,Bahamas,2016,1,6,67,17.3,5.0,2.7,-1.7,0.026,0.127,0.204,0.616,0.122
53,203468,CJ McCollum,1610612740,NOP,31.0,6-3,75,190,Lehigh,USA,2013,1,10,59,21.2,4.3,5.8,-1.1,0.023,0.101,0.267,0.541,0.251
54,1630595,Cade Cunningham,1610612765,DET,21.0,6-7,79,220,Oklahoma State,USA,2021,1,1,12,19.9,6.2,6.0,-6.1,0.027,0.148,0.287,0.492,0.306
55,1631216,Caleb Houstan,1610612753,ORL,20.0,6-8,80,205,Michigan,Canada,2022,2,32,38,4.0,2.2,0.5,-3.4,0.044,0.097,0.105,0.551,0.043
56,1628997,Caleb Martin,1610612748,MIA,27.0,6-5,77,205,Nevada,USA,Undrafted,Undrafted,Undrafted,58,10.2,5.0,1.6,-0.7,0.044,0.131,0.146,0.577,0.079
57,1629629,Cam Reddish,1610612757,POR,23.0,6-7,79,217,Duke,USA,2019,1,10,32,10.4,2.2,1.6,-4.2,0.018,0.067,0.169,0.58,0.094
58,1630560,Cam Thomas,1610612751,BKN,21.0,6-3,75,210,Louisiana State,Japan,2021,1,27,49,10.8,1.8,1.5,-0.9,0.01,0.091,0.265,0.573,0.14
59,1629661,Cameron Johnson,1610612751,BKN,27.0,6-8,80,210,North Carolina,USA,2019,1,11,28,15.1,4.1,1.5,7.0,0.027,0.119,0.209,0.606,0.087
60,1626166,Cameron Payne,1610612756,PHX,28.0,6-1,73,183,Murray State,USA,2015,1,14,34,11.2,2.3,4.9,3.3,0.013,0.095,0.243,0.508,0.304
61,1627747,Caris LeVert,1610612739,CLE,28.0,6-6,78,205,Michigan,USA,2016,1,20,63,11.5,4.0,3.9,4.0,0.025,0.109,0.184,0.518,0.186
62,1630637,Carlik Jones,1610612741,CHI,25.0,6-0,72,174,Louisville,USA,Undrafted,Undrafted,Undrafted,2,1.5,1.5,1.0,6.7,0.04,0.08,0.145,0.222,0.105
63,1626224,Cedi Osman,1610612739,CLE,27.0,6-7,79,230,None,Turkey,2015,2,31,64,8.6,2.2,1.5,7.1,0.015,0.095,0.177,0.566,0.107
64,1629646,Charles Bassey,1610612759,SAS,22.0,6-9,81,230,Western Kentucky,Nigeria,2021,2,53,33,5.7,5.7,1.3,-2.1,0.144,0.237,0.153,0.663,0.125
65,1631320,Chima Moneke,1610612758,SAC,27.0,6-5,77,223,Cal-Davis,Nigeria,Undrafted,Undrafted,Undrafted,2,1.0,1.0,0.5,-57.2,0.25,0.0,0.25,0.347,0.25
66,1629002,Chimezie Metu,1610612758,SAC,25.0,6-9,81,225,Southern California,USA,2018,2,49,52,4.9,3.1,0.7,8.4,0.071,0.198,0.159,0.65,0.085
67,1628449,Chris Boucher,1610612761,TOR,30.0,6-9,81,200,Oregon,Saint Lucia,Undrafted,Undrafted,Undrafted,62,9.5,5.7,0.4,-2.2,0.097,0.194,0.176,0.594,0.032
68,1630537,Chris Duarte,1610612754,IND,25.0,6-5,77,190,Oregon,Dominican Republic,2021,1,13,43,8.0,2.5,1.5,-5.5,0.018,0.111,0.183,0.502,0.107
69,101108,Chris Paul,1610612756,PHX,37.0,6-0,72,175,Wake Forest,USA,2005,1,4,45,13.5,4.2,9.0,3.2,0.011,0.118,0.195,0.549,0.391
70,1629735,Chris Silva,1610612742,DAL,26.0,6-8,80,234,South Carolina,Gabon,Undrafted,Undrafted,Undrafted,1,2.0,0.0,0.0,12.5,0.0,0.0,0.25,1.0,0.0
71,1631128,Christian Braun,1610612743,DEN,21.0,6-6,78,220,Kansas,USA,2022,1,21,61,4.2,2.2,0.8,-4.3,0.046,0.111,0.12,0.574,0.071
72,1631132,Christian Koloko,1610612761,TOR,22.0,7-0,84,230,Arizona,Cameroon,2022,2,33,46,3.4,3.2,0.5,9.2,0.095,0.116,0.103,0.529,0.044
73,1626174,Christian Wood,1610612742,DAL,27.0,6-9,81,214,UNLV,USA,Undrafted,Undrafted,Undrafted,55,17.1,7.7,1.6,-0.9,0.052,0.25,0.258,0.627,0.104
74,1629643,Chuma Okeke,1610612753,ORL,24.0,6-8,80,229,Auburn,USA,2019,1,16,21,5.0,3.7,1.2,-8.5,0.051,0.13,0.115,0.514,0.086
75,203991,Clint Capela,1610612737,ATL,28.0,6-10,82,256,None,Switzerland,2014,1,25,51,12.0,11.1,0.9,-0.9,0.147,0.262,0.155,0.635,0.044
76,1629632,Coby White,1610612741,CHI,23.0,6-5,77,195,North Carolina,USA,2019,1,7,58,8.8,2.7,2.2,1.3,0.009,0.105,0.165,0.55,0.133
77,1628998,Cody Martin,1610612766,CHA,27.0,6-6,78,205,Nevada,USA,2019,2,36,7,5.0,3.4,1.6,-9.7,0.056,0.109,0.121,0.448,0.111
78,203469,Cody Zeller,1610612748,MIA,30.0,6-11,83,240,Indiana,USA,2013,1,4,9,5.0,3.7,0.7,-4.2,0.129,0.136,0.152,0.604,0.077
79,1630175,Cole Anthony,1610612753,ORL,22.0,6-3,75,185,North Carolina,USA,2020,1,15,47,12.2,4.4,4.0,-2.2,0.024,0.151,0.209,0.556,0.242
80,1631306,Cole Swider,1610612747,LAL,23.0,6-9,81,220,Syracuse,USA,Undrafted,Undrafted,Undrafted,6,1.5,1.2,0.7,2.0,0.024,0.162,0.09,0.5,0.105
81,1629012,Collin Sexton,1610612762,UTA,24.0,6-2,74,190,Alabama,USA,2018,1,8,47,14.3,2.2,2.9,0.1,0.033,0.056,0.228,0.62,0.176
82,1630557,Corey Kispert,1610612764,WAS,24.0,6-6,78,224,Gonzaga,USA,2021,1,15,59,9.5,2.7,1.2,-1.3,0.015,0.082,0.125,0.656,0.058
83,202709,Cory Joseph,1610612765,DET,31.0,6-3,75,200,Texas,Canada,2011,1,29,48,5.4,1.5,3.3,-0.8,0.014,0.075,0.143,0.521,0.266
84,1626156,D'Angelo Russell,1610612747,LAL,27.0,6-4,76,193,Ohio State,USA,2015,1,2,59,17.8,3.1,6.2,-0.8,0.017,0.078,0.227,0.605,0.277
85,1630227,Daishen Nix,1610612745,HOU,21.0,6-4,76,226,None,USA,Undrafted,Undrafted,Undrafted,47,4.4,1.8,2.6,-6.7,0.019,0.092,0.148,0.468,0.202
86,1630625,Dalano Banton,1610612761,TOR,23.0,6-7,79,204,Nebraska,Canada,2021,2,46,27,4.4,1.3,1.1,-10.3,0.033,0.113,0.22,0.499,0.181
87,1631207,Dalen Terry,1610612741,CHI,20.0,6-7,79,195,Arizona,USA,2022,1,18,27,1.7,0.7,0.6,-2.4,0.053,0.089,0.163,0.518,0.174
88,1627745,Damian Jones,1610612762,UTA,27.0,6-11,83,245,Vanderbilt,USA,2016,1,30,28,3.1,2.7,0.3,-12.3,0.083,0.169,0.114,0.68,0.04
89,203081,Damian Lillard,1610612757,POR,32.0,6-2,74,195,Weber State,USA,2012,1,6,54,32.1,4.7,7.3,2.7,0.021,0.11,0.329,0.648,0.336
90,1627814,Damion Lee,1610612756,PHX,30.0,6-5,77,210,Drexel,USA,Undrafted,Undrafted,Undrafted,66,8.5,3.1,1.5,3.8,0.022,0.124,0.152,0.612,0.096
91,1629655,Daniel Gafford,1610612764,WAS,24.0,6-10,82,234,Arkansas,USA,2019,2,38,65,8.6,5.4,1.0,-0.3,0.105,0.159,0.142,0.747,0.069
92,1628464,Daniel Theis,1610612754,IND,30.0,6-8,80,245,None,Germany,Undrafted,Undrafted,Undrafted,7,7.0,3.1,1.3,-8.2,0.059,0.147,0.201,0.497,0.125
93,201980,Danny Green,1610612739,CLE,35.0,6-6,78,215,North Carolina,USA,2009,2,46,7,3.6,0.7,0.3,-13.3,0.013,0.049,0.153,0.583,0.037
94,1627863,Danuel House Jr.,1610612755,PHI,29.0,6-6,78,220,Texas A&M,USA,Undrafted,Undrafted,Undrafted,42,4.5,1.7,0.7,-1.5,0.015,0.103,0.124,0.612,0.073
95,203967,Dario Saric,1610612760,OKC,28.0,6-10,82,225,None,Croatia,2014,1,12,47,6.6,3.7,1.4,1.1,0.066,0.199,0.186,0.598,0.135
96,1629647,Darius Bazley,1610612756,PHX,22.0,6-9,81,216,None,USA,2019,1,23,38,5.3,3.4,0.9,-2.4,0.05,0.158,0.16,0.519,0.084
97,1630620,Darius Days,1610612745,HOU,23.0,6-7,79,245,Louisiana State,USA,Undrafted,Undrafted,Undrafted,4,3.8,1.5,0.3,-0.2,0.034,0.227,0.21,0.582,0.067
98,1629636,Darius Garland,1610612739,CLE,23.0,6-1,73,192,Vanderbilt,USA,2019,1,5,58,22.0,2.7,7.9,7.5,0.013,0.067,0.262,0.602,0.34
99,1630561,David Duke Jr.,1610612751,BKN,23.0,6-4,76,204,Providence,USA,Undrafted,Undrafted,Undrafted,18,3.4,1.1,0.9,-2.0,0.047,0.069,0.187,0.477,0.14
100,1631223,David Roddy,1610612763,MEM,21.0,6-4,76,255,Colorado State,USA,2022,1,23,53,6.0,2.5,0.7,-3.6,0.032,0.107,0.163,0.508,0.055
101,1630558,Davion Mitchell,1610612758,SAC,24.0,6-0,72,202,Baylor,USA,2021,1,9,64,5.7,1.3,2.2,3.2,0.012,0.061,0.142,0.555,0.168
102,202722,Davis Bertans,1610612742,DAL,30.0,6-10,82,225,None,Latvia,2011,2,42,35,4.2,1.0,0.4,-5.7,0.021,0.077,0.148,0.616,0.064
103,1628432,Davon Reed,1610612747,LAL,27.0,6-5,77,206,Miami,USA,2017,2,32,39,2.2,1.5,0.5,-13.5,0.031,0.146,0.143,0.465,0.093
104,1630549,Day'Ron Sharpe,1610612751,BKN,21.0,6-9,81,265,North Carolina,USA,2021,1,29,36,4.1,3.8,0.8,-12.2,0.145,0.193,0.172,0.551,0.104
105,1628368,De'Aaron Fox,1610612758,SAC,25.0,6-3,75,185,Kentucky,USA,2017,1,5,58,25.5,4.2,6.3,3.0,0.015,0.112,0.288,0.601,0.28
106,1629631,De'Andre Hunter,1610612737,ATL,25.0,6-8,80,221,Virginia,USA,2019,1,4,57,15.6,4.3,1.4,0.1,0.019,0.114,0.195,0.573,0.06
107,1629001,De'Anthony Melton,1610612755,PHI,24.0,6-2,74,200,Southern California,USA,2018,2,46,63,10.3,4.1,2.7,2.5,0.034,0.116,0.162,0.571,0.137
108,201599,DeAndre Jordan,1610612743,DEN,34.0,6-11,83,265,Texas A&M,USA,2008,2,35,35,4.8,4.8,0.9,-8.4,0.089,0.246,0.135,0.735,0.09
109,201942,DeMar DeRozan,1610612741,CHI,33.0,6-6,78,220,Southern California,USA,2009,1,9,60,24.9,4.5,5.1,2.3,0.014,0.112,0.276,0.595,0.221
110,1629731,Dean Wade,1610612739,CLE,26.0,6-9,81,228,Kansas State,USA,Undrafted,Undrafted,Undrafted,37,4.8,3.5,0.9,6.5,0.021,0.15,0.099,0.56,0.059
111,1629028,Deandre Ayton,1610612756,PHX,24.0,7-0,84,250,Arizona,Bahamas,2018,1,1,57,18.2,10.2,1.9,-0.2,0.088,0.253,0.234,0.619,0.103
112,1627749,Dejounte Murray,1610612737,ATL,26.0,6-5,77,180,Washington,USA,2016,1,29,62,20.9,5.4,6.0,-0.2,0.02,0.13,0.242,0.547,0.241
113,1626153,Delon Wright,1610612764,WAS,30.0,6-5,77,185,Utah,USA,2015,1,20,38,7.2,3.3,4.0,3.2,0.052,0.086,0.12,0.605,0.214
114,1630166,Deni Avdija,1610612764,WAS,22.0,6-9,81,210,None,Israel,2020,1,9,65,8.7,6.3,2.5,-0.7,0.042,0.192,0.159,0.534,0.13
115,203471,Dennis Schroder,1610612747,LAL,29.0,6-1,73,172,None,Germany,2013,1,17,53,12.8,2.5,4.8,2.3,0.008,0.067,0.179,0.547,0.203
116,1628372,Dennis Smith Jr.,1610612766,CHA,25.0,6-2,74,205,North Carolina State,USA,2017,1,9,46,8.7,2.8,4.5,-1.7,0.016,0.088,0.172,0.486,0.264
117,1629126,Deonte Burton,1610612758,SAC,29.0,6-4,76,240,Iowa State,USA,Undrafted,Undrafted,Undrafted,2,0.0,0.0,0.0,51.8,0.0,0.0,0.133,0.0,0.0
118,1631220,Dereon Seabron,1610612740,NOP,22.0,6-5,77,180,North Carolina State,USA,Undrafted,Undrafted,Undrafted,5,0.8,0.2,0.0,36.8,0.067,0.0,0.156,0.4,0.0
119,1627884,Derrick Jones Jr.,1610612741,CHI,26.0,6-6,78,210,UNLV,USA,Undrafted,Undrafted,Undrafted,51,4.9,2.4,0.6,3.9,0.07,0.099,0.132,0.612,0.057
120,201565,Derrick Rose,1610612752,NYK,34.0,6-3,75,200,Memphis,USA,2008,1,1,27,5.6,1.5,1.7,-3.5,0.022,0.082,0.22,0.463,0.208
121,1628401,Derrick White,1610612738,BOS,28.0,6-4,76,190,Colorado,USA,2017,1,29,67,12.0,3.4,3.9,9.9,0.023,0.093,0.175,0.593,0.192
122,1630217,Desmond Bane,1610612763,MEM,24.0,6-5,77,215,TCU,USA,2020,1,30,43,21.2,5.0,4.1,8.7,0.021,0.124,0.25,0.599,0.195
123,1626164,Devin Booker,1610612756,PHX,26.0,6-5,77,206,Kentucky,USA,2015,1,13,39,27.6,4.6,5.8,7.7,0.025,0.109,0.316,0.593,0.267
124,1630170,Devin Vassell,1610612759,SAS,22.0,6-5,77,200,Florida State,USA,2020,1,11,32,19.0,3.8,3.6,-11.2,0.006,0.124,0.243,0.556,0.173
125,1629653,Devon Dotson,1610612764,WAS,23.0,6-1,73,185,Kansas,USA,Undrafted,Undrafted,Undrafted,6,0.5,1.7,1.3,-5.7,0.107,0.085,0.102,0.15,0.211
126,1628984,Devonte' Graham,1610612759,SAS,28.0,6-1,73,195,Kansas,USA,2018,2,34,63,6.9,1.6,2.5,-4.4,0.015,0.078,0.16,0.556,0.205
127,203473,Dewayne Dedmon,1610612755,PHI,33.0,6-10,82,245,Southern California,USA,Undrafted,Undrafted,Undrafted,30,5.7,3.6,0.5,-10.4,0.073,0.229,0.201,0.576,0.083
128,1628415,Dillon Brooks,1610612763,MEM,27.0,6-6,78,225,Oregon,Canada,2017,2,45,59,14.4,3.3,2.5,6.1,0.019,0.08,0.217,0.482,0.115
129,1627734,Domantas Sabonis,1610612758,SAC,26.0,7-1,85,240,Gonzaga,Lithuania,2016,1,11,63,19.0,12.3,7.0,4.3,0.093,0.283,0.212,0.673,0.29
130,1631230,Dominick Barlow,1610612759,SAS,19.0,6-9,81,215,None,USA,Undrafted,Undrafted,Undrafted,14,3.1,2.6,0.6,-15.3,0.113,0.126,0.12,0.568,0.078
131,1628378,Donovan Mitchell,1610612739,CLE,26.0,6-1,73,215,Louisville,USA,2017,1,13,58,27.7,4.1,4.7,5.9,0.028,0.094,0.308,0.611,0.22
132,1628978,Donte DiVincenzo,1610612744,GSW,26.0,6-4,76,203,Villanova,USA,2018,1,17,57,9.1,4.4,3.4,1.1,0.039,0.124,0.143,0.589,0.172
133,1627827,Dorian Finney-Smith,1610612751,BKN,29.0,6-7,79,220,Florida,USA,Undrafted,Undrafted,Undrafted,53,8.5,4.9,1.5,0.2,0.053,0.108,0.126,0.525,0.069
134,203926,Doug McDermott,1610612759,SAS,31.0,6-6,78,225,Creighton,USA,2014,1,11,56,9.9,2.2,1.4,-8.0,0.015,0.088,0.179,0.597,0.095
135,203110,Draymond Green,1610612744,GSW,33.0,6-6,78,230,Michigan State,USA,2012,2,35,59,8.5,7.3,6.8,5.5,0.026,0.189,0.127,0.6,0.27
136,1629234,Drew Eubanks,1610612757,POR,26.0,6-10,82,245,Oregon State,USA,Undrafted,Undrafted,Undrafted,65,6.1,5.1,1.2,-0.1,0.083,0.179,0.111,0.699,0.085
137,1630696,Dru Smith,1610612751,BKN,25.0,6-3,75,203,Missouri,USA,Undrafted,Undrafted,Undrafted,10,4.2,1.8,1.5,-3.9,0.016,0.123,0.144,0.532,0.172
138,1630613,Duane Washington Jr.,1610612752,NYK,22.0,6-2,74,197,Ohio State,Germany,Undrafted,Undrafted,Undrafted,31,7.9,1.2,2.0,-0.5,0.004,0.085,0.298,0.458,0.26
139,1629130,Duncan Robinson,1610612748,MIA,28.0,6-7,79,215,Michigan,USA,Undrafted,Undrafted,Undrafted,33,6.7,1.8,1.2,-4.8,0.014,0.097,0.168,0.537,0.105
140,203939,Dwight Powell,1610612742,DAL,31.0,6-10,82,240,Stanford,Canada,2014,2,45,62,6.8,4.3,0.8,6.1,0.104,0.123,0.122,0.738,0.059
141,1630700,Dyson Daniels,1610612740,NOP,19.0,6-7,79,199,None,Australia,2022,1,8,44,4.2,3.4,2.4,1.5,0.035,0.136,0.109,0.521,0.164
142,1628410,Edmond Sumner,1610612751,BKN,27.0,6-4,76,196,Xavier,USA,2017,2,52,47,7.5,1.6,1.4,2.3,0.018,0.086,0.21,0.592,0.14
143,201569,Eric Gordon,1610612746,LAC,34.0,6-3,75,215,Indiana,USA,2008,1,7,56,12.6,2.0,2.8,-6.8,0.008,0.06,0.172,0.576,0.137
144,1630647,Eugene Omoruyi,1610612765,DET,26.0,6-6,78,235,Oregon,Nigeria,Undrafted,Undrafted,Undrafted,27,5.3,2.3,0.5,2.9,0.083,0.101,0.188,0.541,0.058
145,203095,Evan Fournier,1610612752,NYK,30.0,6-6,78,205,None,France,2012,1,20,23,6.8,2.0,1.5,0.7,0.009,0.093,0.18,0.49,0.119
146,1630596,Evan Mobley,1610612739,CLE,21.0,6-11,83,215,Southern California,USA,2021,1,3,67,16.0,8.9,2.7,5.3,0.073,0.201,0.2,0.589,0.118
147,1630267,Facundo Campazzo,1610612742,DAL,31.0,5-10,70,195,None,Argentina,Undrafted,Undrafted,Undrafted,8,1.3,0.3,1.1,11.0,0.0,0.041,0.144,0.36,0.3
148,1628402,Frank Jackson,1610612762,UTA,24.0,6-3,75,205,Duke,USA,2017,2,31,1,0.0,2.0,1.0,-22.2,0.125,0.333,0.25,0.0,0.25
149,1626163,Frank Kaminsky,1610612745,HOU,29.0,7-0,84,240,Wisconsin,USA,2015,1,9,32,2.5,1.4,0.9,-2.1,0.018,0.212,0.147,0.645,0.19
150,1628373,Frank Ntilikina,1610612742,DAL,24.0,6-4,76,200,None,France,2017,1,8,41,2.3,1.3,1.1,3.6,0.012,0.095,0.123,0.43,0.129
151,1630532,Franz Wagner,1610612753,ORL,21.0,6-10,82,220,Michigan,Germany,2021,1,8,66,18.9,3.8,3.4,0.6,0.026,0.09,0.23,0.593,0.161
152,1627832,Fred VanVleet,1610612761,TOR,29.0,6-0,72,197,Wichita State,USA,Undrafted,Undrafted,Undrafted,56,19.1,4.3,7.0,1.3,0.012,0.113,0.221,0.538,0.273
153,1627788,Furkan Korkmaz,1610612755,PHI,25.0,6-7,79,202,None,Turkey,2016,1,26,26,3.9,1.2,0.7,-3.4,0.023,0.092,0.174,0.542,0.102
154,1629216,Gabe Vincent,1610612748,MIA,26.0,6-2,74,200,California-Santa Barbara,USA,Undrafted,Undrafted,Undrafted,54,9.3,2.2,2.5,1.3,0.015,0.072,0.171,0.516,0.139
155,202066,Garrett Temple,1610612740,NOP,36.0,6-6,78,195,Louisiana State,USA,Undrafted,Undrafted,Undrafted,19,2.2,0.6,0.5,-0.7,0.014,0.068,0.125,0.542,0.111
156,1629726,Garrison Mathews,1610612737,ATL,26.0,6-6,78,215,Lipscomb,USA,Undrafted,Undrafted,Undrafted,47,4.6,1.3,0.5,-7.1,0.015,0.078,0.134,0.569,0.057
157,203914,Gary Harris,1610612753,ORL,28.0,6-4,76,210,Michigan State,USA,2014,1,19,36,8.5,2.2,1.2,-3.0,0.02,0.075,0.126,0.636,0.066
158,1627780,Gary Payton II,1610612744,GSW,30.0,6-2,74,195,Oregon State,USA,Undrafted,Undrafted,Undrafted,15,4.1,2.6,1.5,4.6,0.045,0.118,0.095,0.713,0.111
159,1629018,Gary Trent Jr.,1610612761,TOR,24.0,6-5,77,209,Duke,USA,2018,2,37,59,17.7,2.6,1.6,-2.9,0.012,0.071,0.209,0.558,0.075
160,201588,George Hill,1610612754,IND,36.0,6-4,76,188,Indiana-Purdue Indianapolis,USA,2008,1,26,37,4.9,1.8,2.4,-0.5,0.018,0.073,0.109,0.582,0.181
161,1627777,Georges Niang,1610612755,PHI,29.0,6-7,79,230,Iowa State,USA,2016,2,50,63,8.5,2.4,1.1,5.2,0.015,0.109,0.165,0.62,0.08
162,203507,Giannis Antetokounmpo,1610612749,MIL,28.0,7-0,84,243,None,Greece,2013,1,15,52,31.2,11.9,5.5,7.2,0.066,0.266,0.375,0.598,0.307
163,1629048,Goga Bitadze,1610612753,ORL,23.0,6-11,83,250,None,Georgia,2019,1,18,26,3.7,2.8,0.9,7.7,0.119,0.149,0.145,0.576,0.119
164,201609,Goran Dragic,1610612749,MIL,36.0,6-4,76,190,None,Slovenia,2008,2,45,51,6.4,1.4,2.7,1.2,0.017,0.071,0.196,0.514,0.238
165,202330,Gordon Hayward,1610612766,CHA,32.0,6-7,79,225,Butler,USA,2010,1,9,42,14.5,4.4,3.9,-3.4,0.021,0.112,0.195,0.554,0.177
166,203476,Gorgui Dieng,1610612759,SAS,33.0,6-10,82,248,Louisville,Senegal,2013,1,21,22,3.1,2.6,1.4,-13.2,0.076,0.193,0.169,0.495,0.196
167,1629684,Grant Williams,1610612738,BOS,24.0,6-6,78,236,Tennessee,USA,2019,1,22,65,8.4,4.8,1.8,4.8,0.041,0.135,0.126,0.612,0.087
168,1628960,Grayson Allen,1610612749,MIL,27.0,6-4,76,198,Duke,USA,2018,1,21,62,10.8,3.4,2.4,4.7,0.032,0.081,0.143,0.622,0.112
169,1630535,Greg Brown III,1610612757,POR,21.0,6-7,79,206,Texas,USA,2021,2,43,16,1.8,1.2,0.2,-3.4,0.019,0.175,0.17,0.421,0.055
170,1628977,Hamidou Diallo,1610612765,DET,24.0,6-5,77,202,Kentucky,USA,2018,2,45,56,9.3,3.5,1.0,-0.6,0.056,0.136,0.21,0.593,0.088
171,203084,Harrison Barnes,1610612758,SAC,30.0,6-8,80,225,North Carolina,USA,2012,1,7,65,15.0,4.7,1.6,4.1,0.031,0.115,0.168,0.63,0.065
172,1629312,Haywood Highsmith,1610612748,MIA,26.0,6-5,77,220,Wheeling Jesuit,USA,2018,,,45,4.6,3.6,0.7,-5.4,0.05,0.135,0.118,0.521,0.055
173,1630529,Herbert Jones,1610612740,NOP,24.0,6-7,79,206,Alabama,USA,2021,2,35,50,9.5,4.1,2.3,0.3,0.05,0.093,0.147,0.538,0.104
174,1630193,Immanuel Quickley,1610612752,NYK,23.0,6-2,74,190,Kentucky,USA,2020,1,25,67,13.3,4.0,3.2,5.7,0.023,0.108,0.189,0.568,0.169
175,1630171,Isaac Okoro,1610612739,CLE,22.0,6-5,77,225,Auburn,USA,2020,1,5,69,6.6,2.5,1.2,5.4,0.033,0.087,0.121,0.614,0.073
176,1628392,Isaiah Hartenstein,1610612752,NYK,24.0,7-0,84,250,None,Germany,2017,2,43,68,5.0,6.5,0.9,5.2,0.131,0.183,0.11,0.564,0.061
177,1630543,Isaiah Jackson,1610612754,IND,21.0,6-9,81,205,Kentucky,USA,2021,1,22,49,6.5,3.9,0.9,-5.3,0.09,0.16,0.164,0.593,0.085
178,1630198,Isaiah Joe,1610612760,OKC,23.0,6-3,75,165,Arkansas,USA,2020,2,49,58,9.1,2.2,1.2,8.5,0.018,0.111,0.169,0.66,0.09
179,1630587,Isaiah Livers,1610612765,DET,24.0,6-6,78,232,Michigan,USA,2021,2,42,44,6.1,2.5,0.7,-8.3,0.02,0.093,0.112,0.574,0.046
180,1630600,Isaiah Mobley,1610612739,CLE,23.0,6-8,80,238,Southern California,USA,2022,2,49,8,1.1,1.4,0.0,49.3,0.05,0.278,0.143,0.563,0.0
181,1629676,Isaiah Roby,1610612759,SAS,25.0,6-8,80,230,Nebraska,USA,2019,2,45,42,4.1,2.6,0.9,-10.4,0.04,0.188,0.173,0.497,0.114
182,1630191,Isaiah Stewart,1610612765,DET,21.0,6-8,80,250,Washington,USA,2020,1,16,50,11.3,8.1,1.4,-8.0,0.078,0.202,0.17,0.56,0.073
183,1630225,Isaiah Todd,1610612764,WAS,21.0,6-9,81,219,None,USA,2021,2,31,4,0.5,0.0,0.0,-14.8,0.0,0.0,0.133,0.25,0.0
184,202397,Ish Smith,1610612743,DEN,34.0,6-0,72,175,Wake Forest,USA,Undrafted,Undrafted,Undrafted,33,2.8,1.4,2.3,-4.8,0.014,0.122,0.184,0.447,0.336
185,1630688,Ish Wainright,1610612756,PHX,28.0,6-5,77,250,Baylor,USA,Undrafted,Undrafted,Undrafted,48,4.3,2.1,0.9,7.9,0.05,0.083,0.117,0.545,0.082
186,1627826,Ivica Zubac,1610612746,LAC,25.0,7-0,84,240,None,Croatia,2016,2,32,62,10.3,10.1,1.1,-2.6,0.118,0.233,0.144,0.654,0.052
187,1631120,JD Davison,1610612738,BOS,20.0,6-1,73,195,Alabama,USA,2022,2,53,7,0.9,0.7,0.4,-26.7,0.056,0.222,0.261,0.273,0.25
188,1630550,JT Thor,1610612766,CHA,20.0,6-9,81,203,Auburn,USA,2021,2,37,55,2.5,1.8,0.4,-7.2,0.044,0.104,0.117,0.441,0.054
189,1629630,Ja Morant,1610612763,MEM,23.0,6-2,74,174,Murray State,USA,2019,1,2,53,27.1,6.0,8.2,7.1,0.032,0.137,0.343,0.555,0.417
190,203210,JaMychal Green,1610612744,GSW,32.0,6-9,81,227,Alabama,USA,Undrafted,Undrafted,Undrafted,47,6.3,3.7,0.9,-9.0,0.086,0.168,0.175,0.626,0.095
191,201580,JaVale McGee,1610612742,DAL,35.0,7-0,84,270,Nevada,USA,2008,1,18,36,4.1,2.6,0.3,-14.8,0.095,0.217,0.218,0.612,0.056
192,1631095,Jabari Smith Jr.,1610612745,HOU,19.0,6-11,83,220,Auburn,USA,2022,1,3,63,12.1,7.0,1.2,-12.1,0.042,0.184,0.183,0.504,0.058
193,1631133,Jabari Walker,1610612757,POR,20.0,6-7,79,200,Colorado,USA,2022,2,57,43,2.7,2.0,0.5,-4.6,0.088,0.133,0.139,0.51,0.083
194,1631298,Jack White,1610612743,DEN,25.0,6-7,79,225,Duke,Australia,Undrafted,Undrafted,Undrafted,16,1.2,0.6,0.2,-31.3,0.056,0.14,0.143,0.548,0.097
195,1630702,Jaden Hardy,1610612742,DAL,20.0,6-3,75,198,None,USA,2022,2,37,33,6.5,1.3,0.8,-5.3,0.005,0.108,0.234,0.57,0.12
196,1631093,Jaden Ivey,1610612765,DET,21.0,6-4,76,195,Purdue,USA,2022,1,5,62,15.4,3.9,4.9,-12.3,0.031,0.098,0.244,0.524,0.256
197,1630183,Jaden McDaniels,1610612750,MIN,22.0,6-9,81,185,Washington,USA,2020,1,28,65,11.6,3.9,2.0,2.5,0.042,0.082,0.15,0.609,0.087
198,1630531,Jaden Springer,1610612755,PHI,20.0,6-4,76,202,Tennessee,USA,2021,1,28,7,2.4,1.0,0.1,-27.6,0.167,0.107,0.246,0.618,0.083
199,203109,Jae Crowder,1610612749,MIL,32.0,6-6,78,235,Marquette,USA,2012,2,34,8,6.1,4.3,1.4,8.5,0.053,0.141,0.117,0.627,0.099
200,1630256,Jae'Sean Tate,1610612745,HOU,27.0,6-5,77,230,Ohio State,USA,Undrafted,Undrafted,Undrafted,26,9.1,3.8,2.4,-10.2,0.058,0.109,0.175,0.544,0.167
201,1631222,Jake LaRavia,1610612763,MEM,21.0,6-7,79,235,Wake Forest,USA,2022,1,19,32,3.1,1.9,0.7,-7.4,0.042,0.103,0.119,0.532,0.073
202,1627751,Jakob Poeltl,1610612761,TOR,27.0,7-1,85,245,Utah,Austria,2016,1,9,58,12.7,9.1,2.9,-6.5,0.116,0.238,0.183,0.638,0.16
203,1628973,Jalen Brunson,1610612752,NYK,26.0,6-2,74,190,Villanova,USA,2018,2,33,62,23.8,3.6,6.1,2.1,0.017,0.084,0.264,0.595,0.279
204,1631105,Jalen Duren,1610612765,DET,19.0,6-11,83,250,Memphis,USA,2022,1,13,53,8.5,8.7,1.1,-9.3,0.126,0.219,0.129,0.649,0.065
205,1630224,Jalen Green,1610612745,HOU,21.0,6-4,76,186,None,USA,2021,1,2,60,21.8,3.8,3.6,-9.8,0.014,0.098,0.279,0.534,0.169
206,1630552,Jalen Johnson,1610612737,ATL,21.0,6-8,80,219,Duke,USA,2021,1,20,62,5.2,3.9,1.0,0.7,0.05,0.212,0.147,0.553,0.091
207,1629667,Jalen McDaniels,1610612755,PHI,25.0,6-9,81,205,San Diego State,USA,2019,2,52,68,9.8,4.6,1.8,-4.0,0.032,0.147,0.166,0.554,0.098
208,1630188,Jalen Smith,1610612754,IND,22.0,6-9,81,215,Maryland,USA,2020,1,10,55,9.0,5.6,0.9,-4.6,0.089,0.203,0.204,0.559,0.072
209,1630591,Jalen Suggs,1610612753,ORL,21.0,6-5,77,205,Gonzaga,USA,2021,1,5,42,9.6,2.9,3.2,-3.5,0.043,0.08,0.193,0.518,0.198
210,1631114,Jalen Williams,1610612760,OKC,21.0,6-5,77,211,Santa Clara,USA,2022,1,12,60,13.3,4.2,3.1,-1.2,0.031,0.107,0.175,0.596,0.145
211,1631288,Jamal Cain,1610612748,MIA,23.0,6-6,78,191,Oakland,USA,Undrafted,Undrafted,Undrafted,14,4.7,2.8,0.6,0.0,0.064,0.136,0.136,0.579,0.08
212,1627750,Jamal Murray,1610612743,DEN,26.0,6-4,76,215,Kentucky,Canada,2016,1,7,53,20.2,4.0,6.0,7.4,0.026,0.099,0.258,0.567,0.256
213,1631123,Jamaree Bouyea,1610612764,WAS,23.0,6-2,74,180,San Francisco,USA,Undrafted,Undrafted,Undrafted,4,3.8,1.3,1.0,-18.5,0.017,0.075,0.123,0.54,0.098
214,1630547,James Bouknight,1610612766,CHA,22.0,6-4,76,190,Connecticut,USA,2021,1,11,26,4.3,2.0,1.1,-2.8,0.013,0.12,0.175,0.421,0.112
215,201935,James Harden,1610612755,PHI,33.0,6-5,77,220,Arizona State,USA,2009,1,3,49,21.9,6.3,10.8,6.1,0.019,0.158,0.249,0.622,0.445
216,201949,James Johnson,1610612754,IND,36.0,6-7,79,240,Wake Forest,USA,2009,1,16,12,2.2,1.3,0.6,4.9,0.019,0.167,0.145,0.452,0.099
217,1630164,James Wiseman,1610612765,DET,21.0,7-0,84,240,Memphis,USA,2020,1,2,30,8.5,4.9,0.7,-15.7,0.074,0.235,0.198,0.634,0.065
218,1630215,Jared Butler,1610612760,OKC,22.0,6-3,75,193,Baylor,USA,2021,2,40,2,2.5,0.5,2.0,-12.7,0.0,0.04,0.14,0.625,0.286
219,1631197,Jared Rhoden,1610612765,DET,23.0,6-6,78,210,Seton Hall,USA,Undrafted,Undrafted,Undrafted,4,2.0,2.0,0.0,8.5,0.152,0.13,0.113,0.444,0.0
220,1628991,Jaren Jackson Jr.,1610612763,MEM,23.0,6-10,82,242,Michigan State,USA,2018,1,4,48,17.1,6.6,0.9,11.9,0.055,0.158,0.228,0.601,0.044
221,1629020,Jarred Vanderbilt,1610612747,LAL,23.0,6-8,80,214,Kentucky,USA,2018,2,41,63,8.3,7.9,2.6,-1.3,0.094,0.227,0.142,0.611,0.148
222,1628386,Jarrett Allen,1610612739,CLE,24.0,6-9,81,243,Texas,USA,2017,1,22,62,14.4,9.8,1.7,7.3,0.102,0.213,0.162,0.673,0.073
223,1629633,Jarrett Culver,1610612737,ATL,24.0,6-6,78,195,Texas Tech,USA,2019,1,6,10,4.4,3.8,0.6,-5.7,0.065,0.219,0.164,0.452,0.055
224,1630554,Jason Preston,1610612746,LAC,23.0,6-3,75,181,Ohio,USA,2021,2,33,13,3.2,1.7,2.1,-0.9,0.014,0.179,0.168,0.489,0.314
225,1629750,Javonte Green,1610612741,CHI,29.0,6-5,77,205,Radford,USA,Undrafted,Undrafted,Undrafted,28,5.9,2.9,0.8,6.9,0.057,0.119,0.132,0.667,0.066
226,1629637,Jaxson Hayes,1610612740,NOP,22.0,7-0,84,220,Texas,USA,2019,1,8,39,5.5,2.9,0.8,-5.0,0.056,0.149,0.149,0.629,0.088
227,1627759,Jaylen Brown,1610612738,BOS,26.0,6-6,78,223,California,USA,2016,1,3,55,26.4,7.0,3.3,4.7,0.034,0.154,0.305,0.58,0.156
228,1629669,Jaylen Nowell,1610612750,MIN,23.0,6-4,76,201,Washington,USA,2019,2,43,62,10.9,2.6,2.0,0.5,0.028,0.107,0.237,0.527,0.154
229,1631119,Jaylin Williams,1610612760,OKC,20.0,6-9,81,240,Arkansas,USA,2022,2,34,34,5.6,4.8,1.5,-3.4,0.047,0.238,0.137,0.547,0.11
230,1628369,Jayson Tatum,1610612738,BOS,25.0,6-8,80,210,Duke,USA,2017,1,3,62,30.3,8.8,4.7,8.1,0.031,0.197,0.32,0.604,0.209
231,1630288,Jeff Dowtin Jr.,1610612761,TOR,25.0,6-3,75,177,Rhode Island,USA,Undrafted,Undrafted,Undrafted,18,2.4,0.9,0.9,-2.0,0.034,0.065,0.126,0.492,0.144
232,201145,Jeff Green,1610612743,DEN,36.0,6-8,80,235,Georgetown,USA,2007,1,5,43,7.8,2.6,1.1,-9.2,0.035,0.098,0.17,0.57,0.087
233,203924,Jerami Grant,1610612757,POR,28.0,6-8,80,210,Syracuse,USA,2014,2,39,62,20.7,4.5,2.4,-0.6,0.025,0.104,0.227,0.608,0.101
234,1630526,Jeremiah Robinson-Earl,1610612760,OKC,22.0,6-8,80,240,Villanova,USA,2021,2,32,34,7.4,4.5,1.0,-2.6,0.087,0.129,0.144,0.558,0.065
235,1631110,Jeremy Sochan,1610612759,SAS,19.0,6-8,80,230,Baylor,Poland,2022,1,9,53,10.7,5.2,2.6,-7.3,0.061,0.135,0.191,0.503,0.131
236,1630579,Jericho Sims,1610612752,NYK,24.0,6-10,82,250,Texas,USA,2021,2,58,49,3.5,4.7,0.5,-6.0,0.117,0.176,0.075,0.774,0.044
237,1628975,Jevon Carter,1610612749,MIL,27.0,6-1,73,200,West Virginia,USA,2018,2,32,66,8.0,2.6,2.5,3.8,0.019,0.088,0.148,0.563,0.152
238,202710,Jimmy Butler,1610612748,MIA,33.0,6-7,79,230,Marquette,USA,2011,1,30,53,22.3,6.1,5.1,1.9,0.071,0.122,0.246,0.635,0.254
239,1629111,Jock Landale,1610612756,PHX,27.0,6-11,83,255,St. Mary's,Australia,Undrafted,Undrafted,Undrafted,57,6.5,4.1,0.9,7.7,0.117,0.163,0.18,0.588,0.092
240,203925,Joe Harris,1610612751,BKN,31.0,6-6,78,220,Virginia,USA,2014,2,33,60,7.9,2.3,1.4,-2.0,0.016,0.085,0.138,0.616,0.089
241,204060,Joe Ingles,1610612749,MIL,35.0,6-9,81,220,None,Australia,Undrafted,Undrafted,Undrafted,33,6.7,3.0,3.0,5.4,0.013,0.109,0.126,0.577,0.171
242,1630580,Joe Wieskamp,1610612761,TOR,23.0,6-6,78,205,Iowa,USA,2021,2,41,3,3.0,0.7,0.3,-8.1,0.0,0.071,0.153,0.563,0.063
243,203954,Joel Embiid,1610612755,PHI,28.0,7-0,84,280,Kansas,Cameroon,2014,1,3,53,33.4,10.1,4.1,7.6,0.056,0.237,0.369,0.648,0.228
244,1631219,John Butler Jr.,1610612757,POR,20.0,7-0,84,190,Florida State,USA,Undrafted,Undrafted,Undrafted,9,0.2,0.2,0.1,7.0,0.03,0.033,0.067,0.2,0.048
245,1628381,John Collins,1610612737,ATL,25.0,6-9,81,226,Wake Forest,USA,2017,1,19,57,12.8,6.6,1.2,0.4,0.034,0.182,0.166,0.588,0.051
246,1629723,John Konchar,1610612763,MEM,26.0,6-5,77,210,Indiana-Purdue Fort Wayne,USA,Undrafted,Undrafted,Undrafted,57,5.7,4.4,1.4,8.9,0.036,0.15,0.103,0.561,0.078
247,202322,John Wall,1610612746,LAC,32.0,6-3,75,210,Kentucky,USA,2010,1,1,34,11.4,2.7,5.2,-6.6,0.018,0.096,0.259,0.497,0.38
248,1631098,Johnny Davis,1610612764,WAS,21.0,6-4,76,195,Wisconsin,USA,2022,1,10,13,1.2,0.6,0.2,-18.6,0.014,0.132,0.144,0.414,0.061
249,1630548,Johnny Juzang,1610612762,UTA,21.0,6-6,78,209,UCLA,USA,Undrafted,Undrafted,Undrafted,5,4.8,1.0,0.2,-26.9,0.027,0.046,0.189,0.446,0.031
250,202685,Jonas Valanciunas,1610612740,NOP,30.0,6-11,83,265,None,Lithuania,2011,1,5,63,14.1,9.7,1.7,-3.7,0.112,0.28,0.229,0.612,0.106
251,1628371,Jonathan Isaac,1610612753,ORL,25.0,6-10,82,230,Florida State,USA,2017,1,6,11,5.0,4.0,0.5,-5.8,0.099,0.25,0.198,0.483,0.085
252,1630228,Jonathan Kuminga,1610612744,GSW,20.0,6-7,79,225,None,DRC,2021,1,7,54,9.2,3.3,1.8,-2.4,0.048,0.117,0.196,0.575,0.13
253,203903,Jordan Clarkson,1610612762,UTA,30.0,6-5,77,194,Missouri,USA,2014,2,46,61,20.8,4.0,4.4,0.8,0.036,0.083,0.273,0.558,0.209
254,1630692,Jordan Goodwin,1610612764,WAS,24.0,6-3,75,200,St. Louis,USA,Undrafted,Undrafted,Undrafted,48,5.8,3.2,2.5,-5.0,0.052,0.127,0.15,0.535,0.207
255,1631160,Jordan Hall,1610612759,SAS,21.0,6-7,79,215,St. Joseph's (PA),USA,Undrafted,Undrafted,Undrafted,9,3.1,1.3,1.2,-13.1,0.033,0.129,0.197,0.438,0.22
256,1629162,Jordan McLaughlin,1610612750,MIN,26.0,6-0,72,185,Southern California,USA,Undrafted,Undrafted,Undrafted,31,3.6,1.5,2.9,8.6,0.029,0.064,0.112,0.507,0.231
257,1629670,Jordan Nwora,1610612754,IND,24.0,6-9,81,225,Louisville,USA,2020,2,45,47,7.0,3.2,1.2,-8.1,0.044,0.143,0.179,0.544,0.103
258,1629673,Jordan Poole,1610612744,GSW,23.0,6-4,76,194,Michigan,USA,2019,1,28,67,20.7,2.8,4.6,-1.9,0.013,0.073,0.281,0.567,0.233
259,1630648,Jordan Schakel,1610612764,WAS,24.0,6-6,78,200,San Diego State,USA,Undrafted,Undrafted,Undrafted,2,1.5,0.0,0.5,50.0,0.0,0.0,0.154,0.75,0.167
260,1630631,Jose Alvarado,1610612740,NOP,24.0,6-0,72,179,Georgia Tech,USA,Undrafted,Undrafted,Undrafted,61,9.0,2.3,3.0,3.7,0.022,0.087,0.191,0.525,0.199
261,1630528,Josh Christopher,1610612745,HOU,21.0,6-4,76,215,Arizona State,USA,2021,1,24,48,5.1,1.1,1.0,-15.6,0.022,0.079,0.208,0.519,0.146
262,1630581,Josh Giddey,1610612760,OKC,20.0,6-8,80,216,None,Australia,2021,1,6,61,16.2,7.8,6.2,-2.9,0.061,0.186,0.238,0.534,0.294
263,1630182,Josh Green,1610612742,DAL,22.0,6-7,79,200,Arizona,Australia,2020,1,18,47,8.8,2.8,1.6,3.7,0.036,0.083,0.138,0.648,0.089
264,1628404,Josh Hart,1610612752,NYK,28.0,6-4,76,215,Villanova,USA,2017,1,30,62,9.8,7.9,3.8,5.4,0.059,0.185,0.125,0.612,0.154
265,1631169,Josh Minott,1610612750,MIN,20.0,6-8,80,205,Memphis,USA,2022,2,45,12,2.9,1.8,0.3,20.0,0.071,0.202,0.168,0.571,0.05
266,1629006,Josh Okogie,1610612756,PHX,24.0,6-4,76,213,Georgia Tech,Nigeria,2018,1,20,56,6.9,3.3,1.2,7.8,0.089,0.105,0.184,0.54,0.102
267,1626196,Josh Richardson,1610612740,NOP,29.0,6-6,78,200,Tennessee,USA,2015,2,40,49,11.1,2.8,3.1,-7.4,0.027,0.088,0.193,0.558,0.18
268,1630563,Joshua Primo,1610612759,SAS,20.0,6-6,78,189,Alabama,Canada,2021,1,12,4,7.0,3.3,4.5,1.7,0.019,0.113,0.173,0.467,0.237
269,201950,Jrue Holiday,1610612749,MIL,32.0,6-5,77,205,UCLA,USA,2009,1,17,54,19.7,5.0,7.3,8.2,0.033,0.107,0.246,0.585,0.32
270,1629308,Juan Toscano-Anderson,1610612762,UTA,29.0,6-6,78,209,Marquette,USA,Undrafted,Undrafted,Undrafted,37,2.5,2.2,0.9,-12.4,0.033,0.133,0.101,0.519,0.097
271,1627823,Juancho Hernangomez,1610612761,TOR,27.0,6-9,81,214,None,Spain,2016,1,15,42,2.9,2.9,0.6,0.5,0.042,0.169,0.092,0.504,0.051
272,1630577,Julian Champagnie,1610612759,SAS,21.0,6-7,79,217,St. John's,USA,Undrafted,Undrafted,Undrafted,4,3.3,1.3,0.3,-7.5,0.031,0.138,0.149,0.591,0.048
273,203944,Julius Randle,1610612752,NYK,28.0,6-8,80,250,Kentucky,USA,2014,1,7,68,25.2,10.4,4.1,2.7,0.054,0.229,0.284,0.586,0.183
274,1630551,Justin Champagnie,1610612761,TOR,21.0,6-6,78,206,Pittsburgh,USA,Undrafted,Undrafted,Undrafted,3,2.0,1.3,0.3,-3.7,0.1,0.429,0.13,1.0,0.125
275,203200,Justin Holiday,1610612742,DAL,33.0,6-6,78,180,Washington,USA,Undrafted,Undrafted,Undrafted,35,4.7,1.0,0.9,-9.4,0.005,0.058,0.13,0.513,0.083
276,1628382,Justin Jackson,1610612738,BOS,27.0,6-8,80,220,North Carolina,USA,2017,1,15,23,0.9,0.7,0.4,-28.3,0.017,0.119,0.122,0.359,0.145
277,1626159,Justise Winslow,1610612757,POR,26.0,6-6,78,222,Duke,USA,2015,1,10,29,6.8,5.0,3.4,-2.6,0.062,0.123,0.139,0.466,0.177
278,203994,Jusuf Nurkic,1610612757,POR,28.0,7-0,84,290,None,Bosnia and Herzegovina,2014,1,16,47,13.5,9.3,2.9,1.6,0.084,0.263,0.219,0.593,0.161
279,1629644,KZ Okpala,1610612758,SAC,23.0,6-8,80,215,Stanford,USA,2019,2,32,35,1.3,1.0,0.4,1.5,0.028,0.102,0.081,0.554,0.065
280,1630539,Kai Jones,1610612766,CHA,22.0,6-11,83,221,Texas,Bahamas,2021,1,19,33,2.6,1.9,0.2,5.5,0.068,0.135,0.116,0.588,0.029
281,1626157,Karl-Anthony Towns,1610612750,MIN,27.0,7-0,84,248,Kentucky,USA,2015,1,1,21,20.8,8.2,5.3,-0.9,0.05,0.178,0.244,0.625,0.235
282,202695,Kawhi Leonard,1610612746,LAC,31.0,6-7,79,225,San Diego State,USA,2011,1,15,40,23.3,6.4,3.9,5.6,0.037,0.158,0.266,0.618,0.193
283,1631099,Keegan Murray,1610612758,SAC,22.0,6-8,80,225,Iowa,USA,2022,1,4,63,11.9,4.6,1.2,2.7,0.04,0.121,0.154,0.592,0.051
284,1628966,Keita Bates-Diop,1610612759,SAS,27.0,6-8,80,229,Ohio State,USA,2018,2,48,52,8.5,3.4,1.3,-9.6,0.046,0.117,0.158,0.578,0.088
285,1629640,Keldon Johnson,1610612759,SAS,23.0,6-5,77,220,Kentucky,USA,2019,1,29,57,21.6,4.9,2.9,-12.4,0.024,0.129,0.271,0.551,0.137
286,203482,Kelly Olynyk,1610612762,UTA,31.0,6-11,83,240,Gonzaga,Canada,2013,1,13,55,12.1,5.5,3.3,1.3,0.044,0.145,0.173,0.638,0.158
287,1626162,Kelly Oubre Jr.,1610612766,CHA,27.0,6-6,78,203,Kansas,USA,2015,1,15,43,20.3,5.3,1.1,-7.6,0.041,0.123,0.255,0.531,0.056
288,202689,Kemba Walker,1610612742,DAL,32.0,6-0,72,184,Connecticut,USA,2011,1,9,9,8.0,1.8,2.1,-1.9,0.02,0.09,0.215,0.543,0.216
289,1631112,Kendall Brown,1610612754,IND,19.0,6-7,79,205,Baylor,USA,2022,2,48,6,1.5,1.0,0.5,8.2,0.051,0.089,0.093,0.571,0.091
290,1629134,Kendrick Nunn,1610612764,WAS,27.0,6-3,75,190,Oakland,USA,Undrafted,Undrafted,Undrafted,57,6.7,1.5,1.2,-0.1,0.015,0.084,0.215,0.517,0.122
291,1631113,Kennedy Chandler,1610612763,MEM,20.0,5-11,71,170,Tennessee,USA,2022,2,38,28,2.2,1.1,1.7,-8.7,0.027,0.103,0.152,0.419,0.292
292,1631254,Kenneth Lofton Jr.,1610612763,MEM,20.0,6-6,78,275,Louisiana Tech,USA,Undrafted,Undrafted,Undrafted,12,1.8,0.4,0.7,-41.7,0.021,0.118,0.265,0.455,0.471
293,1629026,Kenrich Williams,1610612760,OKC,28.0,6-6,78,210,TCU,USA,Undrafted,Undrafted,Undrafted,53,8.0,4.9,2.0,4.1,0.075,0.137,0.134,0.585,0.117
294,203484,Kentavious Caldwell-Pope,1610612743,DEN,30.0,6-5,77,204,Georgia,USA,2013,1,8,64,11.3,2.8,2.5,11.2,0.017,0.075,0.137,0.615,0.095
295,1630231,Kenyon Martin Jr.,1610612745,HOU,22.0,6-7,79,215,None,USA,2020,2,52,66,12.1,5.6,1.6,-7.2,0.053,0.152,0.161,0.63,0.085
296,1631165,Keon Ellis,1610612758,SAC,23.0,6-3,75,175,Alabama,USA,Undrafted,Undrafted,Undrafted,10,1.9,0.7,0.3,1.8,0.086,0.129,0.143,0.839,0.115
297,1630553,Keon Johnson,1610612757,POR,21.0,6-3,75,185,Tennessee,USA,2021,1,21,34,4.1,1.1,1.1,-15.1,0.024,0.092,0.232,0.468,0.19
298,1630556,Kessler Edwards,1610612758,SAC,22.0,6-7,79,203,Pepperdine,USA,2021,2,44,19,0.9,1.0,0.3,3.0,0.065,0.118,0.13,0.291,0.054
299,201142,Kevin Durant,1610612756,PHX,34.0,6-10,82,240,Texas,USA,2007,1,2,42,29.5,6.8,5.2,7.1,0.012,0.167,0.307,0.681,0.234
300,1628989,Kevin Huerter,1610612758,SAC,24.0,6-7,79,198,Maryland,USA,2018,1,19,62,15.1,3.3,3.0,4.7,0.021,0.095,0.192,0.619,0.134
301,1628995,Kevin Knox II,1610612757,POR,23.0,6-7,79,215,Kentucky,USA,2018,1,9,49,5.0,2.3,0.3,-9.0,0.033,0.143,0.155,0.6,0.037
302,201567,Kevin Love,1610612748,MIA,34.0,6-8,80,251,UCLA,USA,2008,1,5,49,8.3,6.9,1.8,3.1,0.054,0.298,0.183,0.545,0.127
303,1629645,Kevin Porter Jr.,1610612745,HOU,22.0,6-4,76,203,Southern California,USA,2019,1,30,44,18.5,5.5,5.7,-8.4,0.039,0.119,0.247,0.548,0.272
304,1630284,Kevon Harris,1610612753,ORL,25.0,6-6,78,216,Stephen F. Austin,USA,Undrafted,Undrafted,Undrafted,27,3.6,2.0,0.4,2.2,0.066,0.087,0.125,0.546,0.049
305,1626172,Kevon Looney,1610612744,GSW,27.0,6-9,81,222,UCLA,USA,2015,1,30,67,7.0,8.9,2.4,3.2,0.128,0.243,0.102,0.667,0.135
306,203920,Khem Birch,1610612759,SAS,30.0,6-8,80,233,UNLV,Canada,Undrafted,Undrafted,Undrafted,20,2.2,1.3,0.4,2.8,0.051,0.118,0.113,0.629,0.063
307,203114,Khris Middleton,1610612749,MIL,31.0,6-7,79,222,Texas A&M,USA,2012,2,39,23,13.6,4.2,4.5,7.6,0.035,0.13,0.259,0.527,0.286
308,1630165,Killian Hayes,1610612765,DET,21.0,6-5,77,195,None,France,2020,1,7,61,9.3,2.7,5.9,-10.6,0.011,0.093,0.195,0.443,0.325
309,1630184,Kira Lewis Jr.,1610612740,NOP,21.0,6-1,73,170,Alabama,USA,2020,1,13,18,5.5,1.8,0.9,17.3,0.027,0.121,0.194,0.604,0.116
310,202691,Klay Thompson,1610612744,GSW,33.0,6-6,78,220,Washington State,USA,2011,1,11,55,22.0,4.1,2.5,2.1,0.019,0.099,0.261,0.572,0.112
311,1627739,Kris Dunn,1610612762,UTA,28.0,6-3,75,205,Providence,USA,2016,1,5,7,12.6,4.9,4.3,-11.0,0.027,0.165,0.197,0.611,0.303
312,204001,Kristaps Porzingis,1610612764,WAS,27.0,7-3,87,240,None,Latvia,2015,1,4,57,23.2,8.5,2.6,1.8,0.061,0.192,0.27,0.628,0.12
313,203937,Kyle Anderson,1610612750,MIN,29.0,6-9,81,230,UCLA,USA,2014,1,30,55,8.9,5.0,4.3,2.8,0.03,0.153,0.141,0.597,0.209
314,1628398,Kyle Kuzma,1610612764,WAS,27.0,6-9,81,221,Utah,USA,2017,1,27,61,21.4,7.3,3.8,1.8,0.026,0.17,0.272,0.545,0.163
315,200768,Kyle Lowry,1610612748,MIA,36.0,6-0,72,196,Villanova,USA,2006,1,24,44,12.0,4.3,5.3,-0.7,0.025,0.111,0.166,0.552,0.228
316,202681,Kyrie Irving,1610612742,DAL,30.0,6-2,74,195,Duke,Australia,2011,1,1,51,27.2,5.1,5.6,5.1,0.03,0.108,0.289,0.612,0.235
317,1630163,LaMelo Ball,1610612766,CHA,21.0,6-7,79,180,None,USA,2020,1,3,36,23.3,6.4,8.4,-4.7,0.031,0.147,0.289,0.541,0.352
318,1630205,Lamar Stevens,1610612739,CLE,25.0,6-6,78,230,Penn State,USA,Undrafted,Undrafted,Undrafted,49,5.3,3.2,0.6,2.0,0.046,0.137,0.137,0.531,0.044
319,1629013,Landry Shamet,1610612756,PHX,25.0,6-4,76,190,Wichita State,USA,2018,1,26,30,9.5,1.7,2.2,-0.5,0.012,0.069,0.192,0.546,0.157
320,1626204,Larry Nance Jr.,1610612740,NOP,30.0,6-8,80,245,Wyoming,USA,2015,1,27,50,7.7,5.9,1.9,6.6,0.084,0.189,0.126,0.654,0.117
321,1628374,Lauri Markkanen,1610612762,UTA,25.0,7-0,84,240,Arizona,Finland,2017,1,7,60,25.4,8.5,1.8,3.9,0.053,0.183,0.253,0.655,0.084
322,2544,LeBron James,1610612747,LAL,38.0,6-9,81,250,None,USA,2003,1,1,47,29.5,8.4,6.9,3.6,0.034,0.191,0.323,0.583,0.313
323,1630195,Leandro Bolmaro,1610612762,UTA,22.0,6-6,78,200,None,Argentina,2020,1,23,14,0.4,0.5,0.5,0.7,0.051,0.04,0.155,0.15,0.121
324,1629623,Lindell Wigginton,1610612749,MIL,24.0,6-1,73,189,Iowa State,Canada,2019,,,1,0.0,0.0,0.0,-133.3,0.0,0.0,0.0,0.0,0.0
325,1630322,Lindy Waters III,1610612760,OKC,25.0,6-6,78,210,Oklahoma State,USA,Undrafted,Undrafted,Undrafted,29,5.1,1.7,0.7,11.6,0.02,0.12,0.152,0.609,0.083
326,1629022,Lonnie Walker IV,1610612747,LAL,24.0,6-4,76,204,Miami,USA,2018,1,18,49,12.7,2.1,1.3,-7.2,0.01,0.069,0.198,0.569,0.073
327,1629652,Luguentz Dort,1610612760,OKC,23.0,6-4,76,220,Arizona State,Canada,Undrafted,Undrafted,Undrafted,59,14.0,4.3,2.2,1.1,0.048,0.088,0.199,0.522,0.094
328,1629029,Luka Doncic,1610612742,DAL,24.0,6-7,79,230,None,Slovenia,2018,1,3,57,33.0,8.6,8.0,2.5,0.024,0.226,0.372,0.613,0.416
329,1630568,Luka Garza,1610612750,MIN,24.0,6-10,82,243,Iowa,USA,2021,2,52,24,6.8,2.4,0.6,4.3,0.134,0.135,0.25,0.652,0.095
330,1628379,Luke Kennard,1610612763,MEM,26.0,6-5,77,206,Duke,USA,2017,1,12,44,7.7,2.3,1.3,3.6,0.008,0.1,0.142,0.63,0.081
331,1628436,Luke Kornet,1610612738,BOS,27.0,7-2,86,250,Vanderbilt,USA,Undrafted,Undrafted,Undrafted,56,3.7,2.8,0.7,4.0,0.108,0.122,0.106,0.721,0.082
332,1630201,Malachi Flynn,1610612761,TOR,24.0,6-1,73,175,San Diego State,USA,2020,1,29,43,4.8,1.5,1.5,-5.7,0.023,0.096,0.16,0.492,0.155
333,1631103,Malaki Branham,1610612759,SAS,19.0,6-4,76,180,Ohio State,USA,2022,1,20,51,9.3,2.4,2.0,-12.3,0.017,0.088,0.178,0.53,0.122
334,1627763,Malcolm Brogdon,1610612738,BOS,30.0,6-4,76,229,Virginia,USA,2016,2,36,56,14.6,4.2,3.7,3.4,0.024,0.141,0.221,0.619,0.226
335,1630792,Malcolm Hill,1610612741,CHI,27.0,6-6,78,220,Illinois,USA,Undrafted,Undrafted,Undrafted,5,1.0,0.6,0.0,39.1,0.0,0.214,0.167,0.625,0.0
336,1627736,Malik Beasley,1610612747,LAL,26.0,6-4,76,187,Florida State,USA,2016,1,19,66,13.1,3.6,1.7,-1.5,0.017,0.116,0.207,0.529,0.091
337,1628370,Malik Monk,1610612758,SAC,25.0,6-3,75,200,Kentucky,USA,2017,1,11,62,13.7,2.6,3.9,0.1,0.022,0.093,0.249,0.588,0.255
338,1629603,Mamadi Diakite,1610612739,CLE,26.0,6-9,81,228,Virginia,Guinea,Undrafted,Undrafted,Undrafted,16,1.6,0.8,0.1,-4.3,0.035,0.096,0.153,0.5,0.034
339,1630699,MarJon Beauchamp,1610612749,MIL,22.0,6-7,79,199,None,USA,2022,1,24,41,5.3,2.2,0.6,-6.0,0.053,0.094,0.177,0.503,0.066
340,202694,Marcus Morris Sr.,1610612746,LAC,33.0,6-8,80,218,Kansas,USA,2011,1,14,58,11.7,4.1,1.8,-0.2,0.016,0.13,0.181,0.54,0.091
341,203935,Marcus Smart,1610612738,BOS,29.0,6-4,76,220,Oklahoma State,USA,2014,1,6,50,11.4,3.4,6.6,5.2,0.023,0.08,0.174,0.539,0.268
342,1631109,Mark Williams,1610612766,CHA,21.0,7-0,84,240,Duke,USA,2022,1,15,37,8.2,6.4,0.4,-3.3,0.107,0.222,0.167,0.663,0.034
343,1628365,Markelle Fultz,1610612753,ORL,24.0,6-4,76,209,Washington,USA,2017,1,1,46,13.6,4.0,5.5,-5.4,0.041,0.098,0.203,0.565,0.283
344,202693,Markieff Morris,1610612742,DAL,33.0,6-9,81,245,Kansas,USA,2011,1,13,31,3.3,2.0,0.8,5.0,0.044,0.148,0.145,0.558,0.111
345,1630250,Marko Simonovic,1610612741,CHI,23.0,7-0,84,220,None,Montenegro,2020,2,44,3,0.0,0.0,0.0,-28.0,0.0,0.0,0.077,0.0,0.0
346,1628963,Marvin Bagley III,1610612765,DET,23.0,6-10,82,235,Duke,USA,2018,1,2,32,11.4,6.8,0.7,-10.8,0.107,0.195,0.202,0.584,0.052
347,203486,Mason Plumlee,1610612746,LAC,33.0,7-0,84,254,Duke,USA,2013,1,22,65,11.8,9.6,3.4,-6.8,0.106,0.244,0.153,0.687,0.175
348,1629680,Matisse Thybulle,1610612757,POR,26.0,6-5,77,201,Washington,USA,2019,1,20,60,3.5,1.8,0.7,5.4,0.038,0.08,0.094,0.552,0.06
349,1630346,Matt Ryan,1610612750,MIN,25.0,6-6,78,215,Tennessee-Chattanooga,USA,Undrafted,Undrafted,Undrafted,32,3.8,0.8,0.5,2.6,0.014,0.065,0.16,0.543,0.065
350,203521,Matthew Dellavedova,1610612758,SAC,32.0,6-3,75,200,St. Mary's,Australia,Undrafted,Undrafted,Undrafted,27,1.4,0.4,1.3,-10.5,0.006,0.054,0.126,0.42,0.288
351,1631108,Max Christie,1610612747,LAL,20.0,6-5,77,190,Michigan State,USA,2022,2,35,37,3.5,2.0,0.5,-7.0,0.012,0.125,0.101,0.571,0.05
352,1629622,Max Strus,1610612748,MIA,26.0,6-5,77,215,DePaul,USA,Undrafted,Undrafted,Undrafted,66,12.0,3.4,2.2,-3.1,0.023,0.099,0.173,0.548,0.115
353,1628467,Maxi Kleber,1610612742,DAL,31.0,6-10,82,240,None,Germany,Undrafted,Undrafted,Undrafted,25,6.4,3.6,1.1,2.2,0.032,0.115,0.098,0.621,0.061
354,1630593,McKinley Wright IV,1610612742,DAL,24.0,5-11,71,192,Colorado,USA,Undrafted,Undrafted,Undrafted,20,2.9,1.3,1.9,-8.8,0.029,0.094,0.139,0.529,0.27
355,203086,Meyers Leonard,1610612749,MIL,31.0,7-0,84,260,Illinois,USA,2012,1,11,5,2.8,2.0,0.0,0.0,0.057,0.195,0.159,0.643,0.0
356,1629662,Mfiondu Kabengele,1610612738,BOS,25.0,6-10,82,250,Florida State,Canada,2019,1,27,2,1.0,2.5,0.0,-4.2,0.214,0.167,0.097,0.5,0.0
357,1630695,Micah Potter,1610612762,UTA,24.0,6-8,80,248,Wisconsin,USA,Undrafted,Undrafted,Undrafted,3,1.3,1.0,0.7,3.3,0.067,0.105,0.053,1.0,0.2
358,1630701,Michael Foster Jr.,1610612755,PHI,20.0,6-8,80,250,None,USA,Undrafted,Undrafted,Undrafted,1,0.0,0.0,0.0,-100.0,0.0,0.0,0.0,0.0,0.0
359,1629008,Michael Porter Jr.,1610612743,DEN,24.0,6-10,82,218,Missouri,USA,2018,1,14,50,17.0,5.4,1.0,12.0,0.035,0.15,0.216,0.619,0.043
360,1628969,Mikal Bridges,1610612751,BKN,26.0,6-6,78,209,Villanova,USA,2018,1,10,68,18.7,4.5,3.5,0.2,0.028,0.094,0.204,0.59,0.143
361,201144,Mike Conley,1610612750,MIN,35.0,6-1,73,175,Ohio State,USA,2007,1,4,53,10.7,2.6,7.2,0.6,0.015,0.073,0.157,0.549,0.316
362,203488,Mike Muscala,1610612738,BOS,31.0,6-11,83,240,Bucknell,USA,2013,2,44,52,6.1,3.1,0.8,7.9,0.033,0.162,0.148,0.594,0.067
363,1630540,Miles McBride,1610612752,NYK,22.0,6-2,74,195,West Virginia,USA,2021,2,36,53,3.2,0.8,1.1,6.0,0.016,0.05,0.137,0.452,0.132
364,1629011,Mitchell Robinson,1610612752,NYK,24.0,7-0,84,240,Western Kentucky,USA,2018,2,36,46,7.8,9.2,0.8,7.4,0.151,0.174,0.099,0.683,0.041
365,1628964,Mo Bamba,1610612747,LAL,24.0,7-0,84,231,Texas,USA,2018,1,6,47,6.8,4.7,1.0,1.6,0.074,0.198,0.166,0.605,0.087
366,1628420,Monte Morris,1610612764,WAS,27.0,6-2,74,183,Iowa State,USA,2017,2,51,53,10.2,3.4,5.3,0.6,0.016,0.105,0.151,0.583,0.249
367,1626149,Montrezl Harrell,1610612755,PHI,29.0,6-7,79,240,Louisville,USA,2015,2,32,51,5.5,2.7,0.6,0.4,0.097,0.126,0.172,0.633,0.074
368,1629021,Moritz Wagner,1610612753,ORL,25.0,6-11,83,245,Michigan,Germany,2018,1,25,46,11.2,4.8,1.6,-2.4,0.06,0.167,0.2,0.629,0.12
369,1629650,Moses Brown,1610612752,NYK,23.0,7-2,86,245,UCLA,USA,Undrafted,Undrafted,Undrafted,34,4.6,4.1,0.1,4.5,0.17,0.269,0.191,0.607,0.021
370,1630541,Moses Moody,1610612744,GSW,20.0,6-5,77,211,Arkansas,USA,2021,1,14,50,4.6,1.6,0.8,-3.6,0.032,0.082,0.142,0.568,0.087
371,1631217,Moussa Diabate,1610612746,LAC,21.0,6-10,82,210,Michigan,France,2022,2,43,18,2.9,2.5,0.2,-3.3,0.141,0.101,0.124,0.563,0.025
372,1626167,Myles Turner,1610612754,IND,26.0,6-11,83,250,Texas,USA,2015,1,11,57,18.0,7.6,1.3,0.1,0.049,0.205,0.224,0.651,0.069
373,1630230,Naji Marshall,1610612740,NOP,25.0,6-7,79,220,Xavier,USA,Undrafted,Undrafted,Undrafted,61,9.5,3.8,2.5,0.0,0.028,0.126,0.167,0.539,0.141
374,1629642,Nassir Little,1610612757,POR,23.0,6-5,77,220,North Carolina,USA,2019,1,25,46,6.3,2.6,0.9,-4.5,0.028,0.129,0.146,0.591,0.077
375,1630233,Nathan Knight,1610612750,MIN,25.0,6-8,80,253,William & Mary,USA,Undrafted,Undrafted,Undrafted,34,3.8,1.5,0.4,-1.3,0.074,0.112,0.173,0.661,0.068
376,1629675,Naz Reid,1610612750,MIN,23.0,6-9,81,264,Louisiana State,USA,Undrafted,Undrafted,Undrafted,60,10.6,4.9,1.1,-3.4,0.063,0.205,0.234,0.61,0.097
377,1629674,Neemias Queta,1610612758,SAC,23.0,7-0,84,248,Utah State,Portugal,2021,2,39,4,3.0,2.3,0.3,-49.6,0.125,0.2,0.149,0.676,0.083
378,203457,Nerlens Noel,1610612751,BKN,28.0,6-10,82,220,Kentucky,USA,2013,1,6,16,2.1,2.9,0.6,-14.5,0.049,0.196,0.111,0.443,0.076
379,1629651,Nic Claxton,1610612751,BKN,23.0,6-11,83,215,Georgia,USA,2019,2,31,62,12.3,9.1,1.8,4.1,0.089,0.215,0.156,0.689,0.085
380,1630208,Nick Richards,1610612766,CHA,25.0,7-0,84,245,Kentucky,Jamaica,2020,2,42,53,7.8,5.7,0.5,-4.2,0.118,0.18,0.153,0.661,0.039
381,1629638,Nickeil Alexander-Walker,1610612750,MIN,24.0,6-5,77,205,Virginia Tech,Canada,2019,1,17,45,6.6,1.8,2.0,-1.6,0.017,0.097,0.185,0.591,0.185
382,201587,Nicolas Batum,1610612746,LAC,34.0,6-8,80,230,None,France,2008,1,25,64,6.1,4.2,1.4,3.8,0.04,0.144,0.112,0.585,0.09
383,203999,Nikola Jokic,1610612743,DEN,28.0,6-11,83,284,None,Serbia,2014,2,41,59,24.5,11.8,10.0,13.1,0.077,0.285,0.262,0.7,0.414
384,1631107,Nikola Jovic,1610612748,MIA,19.0,6-10,82,205,None,Serbia,2022,1,27,15,5.5,2.1,0.7,-3.5,0.043,0.119,0.185,0.53,0.076
385,202696,Nikola Vucevic,1610612741,CHI,32.0,6-10,82,260,Southern California,Montenegro,2011,1,16,66,17.7,11.3,3.3,-0.6,0.063,0.274,0.217,0.59,0.147
386,203943,Noah Vonleh,1610612738,BOS,27.0,6-10,82,257,Indiana,USA,2014,1,9,23,1.1,2.1,0.3,-1.4,0.11,0.174,0.09,0.502,0.051
387,1626181,Norman Powell,1610612746,LAC,29.0,6-4,76,215,UCLA,USA,2015,2,46,54,16.6,2.9,1.8,-3.9,0.014,0.095,0.25,0.611,0.115
388,1628384,O.G. Anunoby,1610612761,TOR,25.0,6-7,79,232,Indiana,United Kingdom,2017,1,23,54,16.6,5.2,1.9,1.1,0.038,0.115,0.195,0.571,0.079
389,1630167,Obi Toppin,1610612752,NYK,25.0,6-9,81,220,Dayton,USA,2020,1,8,53,6.0,2.9,0.8,1.8,0.031,0.144,0.18,0.522,0.08
390,1630534,Ochai Agbaji,1610612762,UTA,22.0,6-5,77,215,Kansas,USA,2022,1,14,44,5.6,1.8,0.7,0.9,0.035,0.06,0.126,0.581,0.051
391,1630846,Olivier Sarr,1610612760,OKC,24.0,6-11,83,240,Kentucky,France,Undrafted,Undrafted,Undrafted,2,3.5,2.5,0.0,-8.2,0.071,0.111,0.125,0.47,0.0
392,1630168,Onyeka Okongwu,1610612737,ATL,22.0,6-9,81,240,Southern California,USA,2020,1,6,65,9.2,7.1,1.0,1.2,0.107,0.189,0.144,0.655,0.059
393,1631115,Orlando Robinson,1610612748,MIA,22.0,6-10,82,235,Fresno State,USA,Undrafted,Undrafted,Undrafted,29,3.9,4.1,0.7,0.9,0.105,0.207,0.12,0.572,0.08
394,1629052,Oshae Brissett,1610612754,IND,24.0,6-7,79,210,Syracuse,Canada,Undrafted,Undrafted,Undrafted,51,5.6,3.3,0.5,-0.9,0.053,0.15,0.143,0.535,0.048
395,203490,Otto Porter Jr.,1610612761,TOR,29.0,6-8,80,198,Georgetown,USA,2013,1,3,8,5.5,2.4,1.0,-5.0,0.038,0.096,0.104,0.656,0.078
396,1631172,Ousmane Dieng,1610612760,OKC,19.0,6-9,81,185,None,France,2022,1,11,23,5.3,3.0,1.3,2.6,0.029,0.14,0.142,0.531,0.106
397,200782,P.J. Tucker,1610612755,PHI,37.0,6-5,77,245,Texas,USA,2006,2,35,63,3.5,4.0,0.8,3.4,0.055,0.108,0.064,0.57,0.038
398,1629023,P.J. Washington,1610612766,CHA,24.0,6-7,79,230,Kentucky,USA,2019,1,12,63,15.2,4.8,2.4,-7.1,0.027,0.116,0.193,0.543,0.104
399,1628408,PJ Dozier,1610612758,SAC,26.0,6-6,78,205,South Carolina,USA,Undrafted,Undrafted,Undrafted,8,0.6,0.4,0.0,3.2,0.0,0.176,0.171,0.417,0.0
400,1631094,Paolo Banchero,1610612753,ORL,20.0,6-10,82,250,Duke,USA,2022,1,1,60,20.1,6.6,3.6,-5.1,0.034,0.166,0.274,0.527,0.166
401,1627783,Pascal Siakam,1610612761,TOR,28.0,6-8,80,230,New Mexico State,Cameroon,2016,1,27,58,24.4,7.6,5.9,1.7,0.046,0.168,0.273,0.562,0.249
402,1626192,Pat Connaughton,1610612749,MIL,30.0,6-5,77,209,Notre Dame,USA,2015,2,41,48,8.1,4.9,1.3,3.7,0.031,0.15,0.136,0.529,0.07
403,1631116,Patrick Baldwin Jr.,1610612744,GSW,20.0,6-9,81,220,Wisconsin-Milwaukee,USA,2022,1,28,23,5.0,1.5,0.3,-14.6,0.005,0.184,0.233,0.561,0.053
404,201976,Patrick Beverley,1610612741,CHI,34.0,6-2,74,180,Arkansas,USA,2009,2,42,52,6.1,3.5,2.8,-0.8,0.024,0.102,0.104,0.541,0.132
405,1630172,Patrick Williams,1610612741,CHI,21.0,6-7,79,215,Florida State,USA,2020,1,4,66,10.3,4.2,1.3,-3.9,0.036,0.112,0.153,0.585,0.061
406,201988,Patty Mills,1610612751,BKN,34.0,6-0,72,180,St. Mary's,Australia,2009,2,55,38,6.1,1.1,1.4,-3.3,0.015,0.064,0.183,0.566,0.138
407,202331,Paul George,1610612746,LAC,32.0,6-8,80,220,Fresno State,USA,2010,1,10,51,23.7,6.1,5.2,3.4,0.024,0.157,0.296,0.595,0.241
408,1630194,Paul Reed,1610612755,PHI,23.0,6-9,81,210,DePaul,USA,2020,2,58,53,3.4,3.3,0.3,-2.2,0.132,0.21,0.143,0.593,0.046
409,1630202,Payton Pritchard,1610612738,BOS,25.0,6-1,73,195,Oregon,USA,2020,1,26,45,4.7,1.5,1.0,-0.6,0.038,0.079,0.184,0.503,0.129
410,1631212,Peyton Watson,1610612743,DEN,20.0,6-7,79,200,UCLA,USA,2022,1,30,14,1.6,0.6,0.1,-30.8,0.064,0.128,0.204,0.553,0.04
411,1630173,Precious Achiuwa,1610612761,TOR,23.0,6-8,80,225,Memphis,Nigeria,2020,1,20,44,9.4,6.1,1.0,-1.7,0.08,0.208,0.185,0.543,0.062
412,1629656,Quentin Grimes,1610612752,NYK,22.0,6-5,77,210,Houston,USA,2021,1,25,57,10.1,3.2,1.9,3.7,0.023,0.083,0.137,0.593,0.088
413,1631245,Quenton Jackson,1610612764,WAS,24.0,6-5,77,173,Texas A&M,USA,Undrafted,Undrafted,Undrafted,3,1.7,0.3,0.3,33.3,0.167,0.0,0.15,0.833,0.167
414,1630181,R.J. Hampton,1610612765,DET,22.0,6-4,76,175,None,USA,2020,1,24,33,5.8,1.6,1.2,-7.3,0.026,0.088,0.175,0.57,0.136
415,1629628,RJ Barrett,1610612752,NYK,22.0,6-6,78,214,Duke,Canada,2019,1,3,61,19.8,5.2,2.8,-1.4,0.024,0.121,0.256,0.53,0.125
416,203526,Raul Neto,1610612739,CLE,30.0,6-2,74,180,None,Brazil,2013,2,47,42,3.0,1.0,1.4,2.3,0.018,0.076,0.122,0.629,0.199
417,203493,Reggie Bullock,1610612742,DAL,31.0,6-6,78,205,North Carolina,USA,2013,1,25,64,7.1,3.5,1.4,-0.4,0.016,0.104,0.098,0.569,0.061
418,202704,Reggie Jackson,1610612743,DEN,32.0,6-2,74,208,Boston College,USA,2011,1,24,60,10.4,2.1,3.5,-2.1,0.016,0.067,0.205,0.509,0.21
419,1626158,Richaun Holmes,1610612758,SAC,29.0,6-8,80,235,Bowling Green,USA,2015,2,37,35,3.2,2.0,0.1,-7.4,0.079,0.155,0.12,0.726,0.025
420,201937,Ricky Rubio,1610612739,CLE,32.0,6-2,74,190,None,Spain,2009,1,5,21,5.0,2.2,3.5,3.6,0.016,0.118,0.173,0.443,0.308
421,203496,Robert Covington,1610612746,LAC,32.0,6-7,79,209,Tennessee State,USA,Undrafted,Undrafted,Undrafted,38,5.7,3.6,1.2,-1.3,0.038,0.168,0.147,0.546,0.109
422,1629057,Robert Williams III,1610612738,BOS,25.0,6-9,81,237,Texas A&M,USA,2018,1,27,28,8.4,8.6,1.5,9.9,0.126,0.213,0.113,0.746,0.091
423,201577,Robin Lopez,1610612739,CLE,34.0,7-0,84,281,Stanford,USA,2008,1,15,33,2.7,1.2,0.4,-5.4,0.08,0.088,0.153,0.692,0.09
424,203585,Rodney McGruder,1610612765,DET,31.0,6-4,76,205,Kansas State,USA,Undrafted,Undrafted,Undrafted,26,3.7,1.5,0.7,-0.7,0.035,0.089,0.118,0.542,0.073
425,1629641,Romeo Langford,1610612759,SAS,23.0,6-5,77,216,Indiana,USA,2019,1,14,33,7.3,2.8,1.3,-7.3,0.065,0.069,0.152,0.531,0.089
426,1631199,Ron Harper Jr.,1610612761,TOR,22.0,6-5,77,245,Rutgers,USA,Undrafted,Undrafted,Undrafted,4,2.5,0.5,0.0,29.4,0.067,0.071,0.219,0.714,0.0
427,1626220,Royce O'Neale,1610612751,BKN,29.0,6-6,78,226,Baylor,USA,Undrafted,Undrafted,Undrafted,63,8.9,5.0,3.7,1.1,0.025,0.124,0.134,0.537,0.149
428,200752,Rudy Gay,1610612762,UTA,36.0,6-8,80,250,Connecticut,USA,2006,1,8,51,5.0,3.1,1.0,4.7,0.043,0.154,0.169,0.466,0.093
429,203497,Rudy Gobert,1610612750,MIN,30.0,7-1,85,258,None,France,2013,1,27,56,13.7,11.6,1.0,-0.2,0.108,0.26,0.161,0.688,0.046
430,1629060,Rui Hachimura,1610612747,LAL,25.0,6-8,80,230,Gonzaga,Japan,2019,1,9,49,11.9,4.6,1.0,-2.4,0.035,0.137,0.198,0.552,0.062
431,201566,Russell Westbrook,1610612746,LAC,34.0,6-3,75,200,UCLA,USA,2008,1,4,59,15.7,5.9,7.6,-0.6,0.037,0.157,0.27,0.504,0.37
432,1627853,Ryan Arcidiacono,1610612757,POR,28.0,6-3,75,195,Villanova,USA,Undrafted,Undrafted,Undrafted,14,0.9,0.7,0.6,-17.3,0.0,0.156,0.101,0.429,0.163
433,1631157,Ryan Rollins,1610612744,GSW,20.0,6-3,75,180,Toledo,USA,2022,2,44,12,1.9,1.0,0.5,-38.1,0.043,0.153,0.26,0.508,0.214
434,1630240,Saben Lee,1610612756,PHX,23.0,6-2,74,183,Vanderbilt,USA,2020,2,38,22,5.3,1.7,2.5,-1.4,0.033,0.082,0.175,0.538,0.285
435,1630180,Saddiq Bey,1610612737,ATL,23.0,6-7,79,215,Villanova,USA,2020,1,19,62,14.3,4.5,1.5,-5.3,0.038,0.121,0.196,0.564,0.079
436,1630573,Sam Hauser,1610612738,BOS,25.0,6-7,79,217,Virginia,USA,Undrafted,Undrafted,Undrafted,65,6.2,2.5,0.8,6.8,0.028,0.125,0.14,0.632,0.067
437,1630241,Sam Merrill,1610612739,CLE,26.0,6-4,76,205,Utah State,USA,2020,2,60,1,2.0,0.0,0.0,-62.5,0.0,0.0,0.25,0.5,0.0
438,1630572,Sandro Mamukelashvili,1610612759,SAS,23.0,6-10,82,240,Seton Hall,Georgia,2021,2,54,27,3.0,2.4,0.7,-7.9,0.077,0.177,0.146,0.486,0.101
439,1630583,Santi Aldama,1610612763,MEM,22.0,7-0,84,215,Loyola-Maryland,Spain,2021,1,30,62,9.3,4.6,1.2,2.2,0.041,0.154,0.157,0.596,0.073
440,1630567,Scottie Barnes,1610612761,TOR,21.0,6-8,80,225,Florida State,USA,2021,1,4,65,15.6,7.0,4.8,2.2,0.063,0.141,0.201,0.525,0.194
441,1630590,Scotty Pippen Jr.,1610612747,LAL,22.0,6-1,73,170,Vanderbilt,USA,Undrafted,Undrafted,Undrafted,6,2.3,0.7,0.3,-1.5,0.05,0.057,0.231,0.439,0.125
442,201586,Serge Ibaka,1610612749,MIL,33.0,6-11,83,235,None,Democratic Republic of the Congo,2008,1,24,16,4.1,2.8,0.3,-6.5,0.073,0.153,0.159,0.553,0.036
443,203552,Seth Curry,1610612751,BKN,32.0,6-1,73,185,Duke,USA,Undrafted,Undrafted,Undrafted,49,9.9,1.8,1.9,-2.8,0.013,0.07,0.188,0.589,0.126
444,1631101,Shaedon Sharpe,1610612757,POR,19.0,6-5,77,200,Kentucky,Canada,2022,1,7,66,7.8,2.5,0.7,-5.1,0.039,0.091,0.162,0.556,0.051
445,1628983,Shai Gilgeous-Alexander,1610612760,OKC,24.0,6-6,78,195,Kentucky,Canada,2018,1,11,56,31.2,4.8,5.7,3.3,0.024,0.105,0.318,0.626,0.253
446,1629003,Shake Milton,1610612755,PHI,26.0,6-5,77,205,Southern Methodist,USA,2018,2,54,62,8.5,2.5,2.8,3.4,0.023,0.101,0.178,0.586,0.199
447,1631323,Simone Fontecchio,1610612762,UTA,27.0,6-7,79,209,None,Italy,Undrafted,Undrafted,Undrafted,38,4.5,1.2,0.7,-14.6,0.039,0.062,0.179,0.485,0.084
448,203915,Spencer Dinwiddie,1610612751,BKN,29.0,6-5,77,215,Colorado,USA,2014,2,38,65,17.9,3.2,5.6,-1.5,0.011,0.088,0.222,0.59,0.263
449,1626169,Stanley Johnson,1610612759,SAS,26.0,6-6,78,242,Arizona,USA,2015,1,8,30,5.8,3.2,2.2,-7.0,0.047,0.15,0.148,0.625,0.179
450,1630649,Stanley Umude,1610612765,DET,23.0,6-6,78,210,Arkansas,USA,Undrafted,Undrafted,Undrafted,1,2.0,0.0,0.0,95.0,0.0,0.0,0.5,0.532,0.0
451,201939,Stephen Curry,1610612744,GSW,34.0,6-2,74,185,Davidson,USA,2009,1,7,41,29.6,6.2,6.4,4.5,0.018,0.154,0.297,0.668,0.28
452,1628425,Sterling Brown,1610612747,LAL,28.0,6-5,77,219,Southern Methodist,USA,2017,2,46,4,0.0,2.0,0.5,0.4,0.091,0.152,0.061,0.0,0.077
453,203500,Steven Adams,1610612763,MEM,29.0,6-11,83,265,Pittsburgh,New Zealand,2013,1,12,42,8.6,11.5,2.3,9.7,0.171,0.222,0.139,0.564,0.107
454,1629004,Svi Mykhailiuk,1610612766,CHA,25.0,6-7,79,205,Kansas,Ukraine,2018,2,47,18,2.4,0.7,0.3,21.4,0.019,0.092,0.153,0.591,0.063
455,204456,T.J. McConnell,1610612754,IND,30.0,6-1,73,190,Arizona,USA,2015,0,,64,7.8,3.0,5.0,-4.1,0.029,0.119,0.173,0.575,0.387
456,203933,T.J. Warren,1610612756,PHX,29.0,6-8,80,220,North Carolina State,USA,2014,1,14,31,8.3,2.7,0.9,0.8,0.034,0.125,0.196,0.568,0.078
457,201959,Taj Gibson,1610612764,WAS,37.0,6-9,81,232,Southern California,USA,2009,1,26,41,3.4,2.0,0.7,3.7,0.076,0.151,0.152,0.571,0.096
458,1629659,Talen Horton-Tucker,1610612762,UTA,22.0,6-4,76,234,Iowa State,USA,2019,2,46,53,8.5,2.7,3.1,2.2,0.022,0.114,0.223,0.506,0.246
459,1631106,Tari Eason,1610612745,HOU,21.0,6-8,80,215,Louisiana State,USA,2022,1,17,66,9.1,5.8,1.0,-5.4,0.101,0.172,0.187,0.531,0.077
460,1627752,Taurean Prince,1610612750,MIN,28.0,6-6,78,218,Baylor,USA,2016,1,12,42,8.7,2.4,1.6,-0.2,0.014,0.095,0.162,0.605,0.102
461,1629611,Terance Mann,1610612746,LAC,26.0,6-5,77,215,Florida State,USA,2019,2,48,67,9.1,3.6,2.3,-1.0,0.041,0.112,0.149,0.628,0.14
462,1629056,Terence Davis,1610612758,SAC,25.0,6-4,76,201,Mississippi,USA,Undrafted,Undrafted,Undrafted,52,6.7,2.3,1.1,5.9,0.027,0.148,0.208,0.579,0.113
463,203082,Terrence Ross,1610612756,PHX,32.0,6-7,79,206,Washington,USA,2012,1,8,47,8.3,2.1,1.3,-1.4,0.012,0.082,0.159,0.553,0.086
464,1626179,Terry Rozier,1610612766,CHA,28.0,6-1,73,190,Louisville,USA,2015,1,16,57,21.3,4.2,4.9,-5.8,0.022,0.094,0.259,0.517,0.211
465,1630678,Terry Taylor,1610612741,CHI,23.0,6-4,76,230,Austin Peay,USA,Undrafted,Undrafted,Undrafted,28,2.6,1.4,0.4,-1.2,0.08,0.075,0.127,0.521,0.058
466,201152,Thaddeus Young,1610612761,TOR,34.0,6-8,80,235,Georgia Tech,USA,2007,1,12,54,4.4,3.1,1.4,-5.6,0.083,0.136,0.131,0.573,0.133
467,203648,Thanasis Antetokounmpo,1610612749,MIL,30.0,6-7,79,219,None,Greece,2014,2,51,28,0.6,1.0,0.1,-24.3,0.08,0.168,0.124,0.313,0.055
468,1630177,Theo Maledon,1610612766,CHA,21.0,6-5,77,175,None,France,2020,2,34,36,5.6,2.4,2.4,-10.1,0.014,0.132,0.151,0.551,0.204
469,1629033,Theo Pinson,1610612742,DAL,27.0,6-7,79,212,North Carolina,USA,Undrafted,Undrafted,Undrafted,35,1.8,1.1,0.8,-8.7,0.032,0.132,0.129,0.494,0.174
470,1628418,Thomas Bryant,1610612743,DEN,25.0,6-10,82,248,Indiana,USA,2017,2,42,52,10.6,6.2,0.6,-4.4,0.081,0.227,0.18,0.694,0.044
471,203501,Tim Hardaway Jr.,1610612742,DAL,30.0,6-5,77,205,Michigan,USA,2013,1,24,61,14.2,3.5,1.8,4.2,0.011,0.109,0.202,0.545,0.086
472,202699,Tobias Harris,1610612755,PHI,30.0,6-7,79,226,Tennessee,USA,2011,1,19,61,14.8,5.9,2.5,5.1,0.03,0.151,0.181,0.592,0.115
473,1628396,Tony Bradley,1610612741,CHI,25.0,6-11,83,248,North Carolina,USA,2017,1,28,12,1.6,0.9,0.1,9.9,0.029,0.278,0.174,0.69,0.042
474,1628470,Torrey Craig,1610612756,PHX,32.0,6-7,79,221,South Carolina Upstate,USA,Undrafted,Undrafted,Undrafted,63,7.5,5.6,1.5,-4.7,0.077,0.143,0.129,0.56,0.082
475,1629027,Trae Young,1610612737,ATL,24.0,6-1,73,164,Oklahoma,USA,2018,1,5,60,26.7,3.0,10.1,2.2,0.021,0.062,0.316,0.573,0.411
476,1630200,Tre Jones,1610612759,SAS,23.0,6-1,73,185,Duke,USA,2020,2,41,55,12.6,3.5,6.2,-8.4,0.026,0.098,0.194,0.516,0.294
477,1630544,Tre Mann,1610612760,OKC,22.0,6-3,75,178,Florida,USA,2021,1,18,58,7.9,2.3,1.7,1.4,0.02,0.101,0.201,0.487,0.136
478,1630570,Trendon Watford,1610612757,POR,22.0,6-8,80,237,Louisiana State,USA,Undrafted,Undrafted,Undrafted,50,6.0,3.6,1.9,-5.4,0.04,0.172,0.145,0.636,0.156
479,1630235,Trent Forrest,1610612737,ATL,24.0,6-4,76,210,Florida State,USA,Undrafted,Undrafted,Undrafted,18,2.8,1.6,1.7,-11.0,0.021,0.103,0.109,0.487,0.178
480,1630243,Trevelin Queen,1610612754,IND,26.0,6-6,78,190,New Mexico State,USA,Undrafted,Undrafted,Undrafted,7,3.0,2.4,0.9,9.2,0.086,0.138,0.194,0.337,0.109
481,1631309,Trevor Hudgins,1610612745,HOU,23.0,6-0,72,180,Northwest Missouri State,USA,Undrafted,Undrafted,Undrafted,5,1.8,0.0,0.6,7.0,0.0,0.0,0.177,0.436,0.176
482,1631211,Trevor Keels,1610612752,NYK,19.0,6-4,76,221,Duke,USA,2022,2,42,2,1.5,1.0,0.0,-70.0,0.0,0.333,0.3,0.5,0.0
483,1626168,Trey Lyles,1610612758,SAC,27.0,6-9,81,234,Kentucky,Canada,2015,1,12,59,7.9,3.9,0.9,3.8,0.058,0.178,0.177,0.636,0.075
484,1630530,Trey Murphy III,1610612740,NOP,22.0,6-8,80,206,Virginia,USA,2021,1,17,63,12.8,3.7,1.4,-2.3,0.027,0.098,0.152,0.63,0.065
485,1628972,Troy Brown Jr.,1610612747,LAL,23.0,6-7,79,215,Oregon,USA,2018,1,15,61,7.3,4.2,1.1,-0.3,0.036,0.124,0.12,0.565,0.06
486,1629660,Ty Jerome,1610612744,GSW,25.0,6-5,77,195,Virginia,USA,2019,1,24,43,7.2,1.8,3.1,-5.0,0.009,0.092,0.148,0.606,0.234
487,1631102,TyTy Washington Jr.,1610612745,HOU,21.0,6-3,75,195,Kentucky,USA,2022,1,29,29,4.7,1.4,1.6,-7.7,0.004,0.098,0.175,0.428,0.165
488,1628416,Tyler Dorsey,1610612742,DAL,27.0,6-4,76,180,Oregon,USA,2017,2,41,3,3.0,0.7,0.0,7.0,0.1,0.1,0.227,0.9,0.0
489,1629639,Tyler Herro,1610612748,MIA,23.0,6-5,77,195,Kentucky,USA,2019,1,13,54,20.4,5.7,4.4,2.0,0.014,0.156,0.252,0.559,0.196
490,1630169,Tyrese Haliburton,1610612754,IND,23.0,6-5,77,185,Iowa State,USA,2020,1,12,54,20.8,3.7,10.4,-0.6,0.018,0.092,0.238,0.623,0.456
491,1631213,Tyrese Martin,1610612737,ATL,24.0,6-6,78,215,Connecticut,USA,2022,2,51,13,1.2,0.5,0.0,5.4,0.04,0.095,0.17,0.444,0.0
492,1630178,Tyrese Maxey,1610612755,PHI,22.0,6-2,74,200,Kentucky,USA,2020,1,21,47,20.1,2.8,3.5,4.8,0.013,0.075,0.242,0.587,0.166
493,1626145,Tyus Jones,1610612763,MEM,26.0,6-2,74,196,Duke,USA,2015,1,24,65,10.1,2.2,4.7,2.2,0.014,0.075,0.177,0.547,0.273
494,1628962,Udoka Azubuike,1610612762,UTA,23.0,6-11,83,270,Kansas,Nigeria,2020,1,27,26,1.9,2.2,0.2,-9.1,0.096,0.235,0.111,0.769,0.055
495,2617,Udonis Haslem,1610612748,MIA,42.0,6-7,79,235,Florida,USA,Undrafted,Undrafted,Undrafted,6,0.5,1.3,0.0,-19.9,0.066,0.108,0.111,0.116,0.0
496,1630586,Usman Garuba,1610612745,HOU,21.0,6-8,80,229,None,Spain,2021,1,23,59,3.3,4.4,0.9,-12.0,0.109,0.206,0.098,0.612,0.101
497,1630176,Vernon Carey Jr.,1610612764,WAS,22.0,6-10,82,270,Duke,USA,2020,2,32,11,0.5,1.0,0.3,-17.3,0.081,0.296,0.147,0.338,0.214
498,203506,Victor Oladipo,1610612748,MIA,30.0,6-3,75,213,Indiana,USA,2013,1,2,35,10.3,3.3,3.5,-2.2,0.014,0.113,0.194,0.504,0.2
499,1631246,Vince Williams Jr.,1610612763,MEM,22.0,6-4,76,205,Virginia Commonwealth,USA,2022,2,47,11,0.9,0.6,0.3,-20.7,0.028,0.122,0.113,0.357,0.103
500,1630249,Vit Krejci,1610612737,ATL,22.0,6-8,80,195,None,Czech Republic,2020,2,37,22,1.3,0.6,0.5,-2.0,0.017,0.11,0.118,0.469,0.125
501,1628427,Vlatko Cancar,1610612743,DEN,25.0,6-8,80,236,None,Slovenia,2017,2,49,48,5.8,2.4,1.5,-1.7,0.028,0.119,0.134,0.63,0.128
502,1631117,Walker Kessler,1610612762,UTA,21.0,7-0,84,245,Auburn,USA,2022,1,22,63,8.5,8.1,0.8,3.2,0.133,0.209,0.126,0.705,0.053
503,1628976,Wendell Carter Jr.,1610612753,ORL,23.0,6-10,82,270,Duke,USA,2018,1,7,44,15.0,8.8,2.5,-1.9,0.079,0.219,0.21,0.611,0.128
504,1631111,Wendell Moore Jr.,1610612750,MIN,21.0,6-5,77,215,Duke,USA,2022,1,26,25,1.5,0.6,0.7,-14.4,0.014,0.09,0.138,0.461,0.162
505,1629117,Wenyen Gabriel,1610612747,LAL,25.0,6-9,81,205,Kentucky,South Sudan,Undrafted,Undrafted,Undrafted,53,5.8,3.9,0.5,-0.9,0.103,0.143,0.141,0.642,0.042
506,202083,Wesley Matthews,1610612749,MIL,36.0,6-5,77,220,Marquette,USA,Undrafted,Undrafted,Undrafted,39,3.2,2.2,0.5,5.2,0.047,0.085,0.095,0.497,0.042
507,203115,Will Barton,1610612761,TOR,32.0,6-5,77,181,Memphis,USA,2012,2,40,45,7.1,2.5,2.2,-10.0,0.011,0.127,0.183,0.503,0.174
508,1626195,Willy Hernangomez,1610612740,NOP,28.0,6-11,83,250,None,Spain,2015,2,35,33,7.5,5.2,0.9,2.7,0.123,0.255,0.221,0.607,0.113
509,1630214,Xavier Tillman,1610612763,MEM,24.0,6-7,79,245,Michigan State,USA,2020,2,35,46,6.1,4.6,1.4,-0.8,0.097,0.156,0.137,0.596,0.11
510,1629139,Yuta Watanabe,1610612751,BKN,28.0,6-8,80,215,George Washington,Japan,Undrafted,Undrafted,Undrafted,46,6.3,2.6,0.8,-0.3,0.035,0.111,0.126,0.654,0.065
511,1628380,Zach Collins,1610612759,SAS,25.0,6-11,83,250,Gonzaga,USA,2017,1,10,54,10.3,6.1,2.7,-9.6,0.079,0.19,0.2,0.59,0.18
512,203897,Zach LaVine,1610612741,CHI,28.0,6-5,77,200,UCLA,USA,2014,1,13,62,24.7,4.7,4.0,-0.1,0.016,0.113,0.277,0.607,0.173
513,1630192,Zeke Nnaji,1610612743,DEN,22.0,6-9,81,240,Arizona,USA,2020,1,22,44,5.1,2.3,0.3,-6.8,0.092,0.078,0.142,0.634,0.03
514,1630533,Ziaire Williams,1610612763,MEM,21.0,6-9,81,185,Stanford,USA,2021,1,10,34,5.1,2.1,0.7,-5.4,0.027,0.106,0.168,0.496,0.067
515,1629627,Zion Williamson,1610612740,NOP,22.0,6-6,78,284,Duke,USA,2019,1,1,29,26.0,7.0,4.6,7.8,0.06,0.148,0.288,0.652,0.231
